TimeInSecondsPosix,V1x,V1y,V1Heading,V2x,V2y,V2Heading,V3x,V3y,V3Heading
1600175025,-164.854310902153,-127.852643482625,69.1778080103393,0.973231775467477,-20.7192221987777,160.277495489846,-106.537183204955,-61.7388247126389,54.1537114939208
1600175025.1,-164.645006433894,-127.513305755982,68.9283144861204,0.727187365730656,-20.6375533204386,160.23339101749,-106.488094595783,-61.675250216844,54.1053235233603
1600175025.2,-164.437415108525,-127.171907803292,68.6604487663517,0.481105796810031,-20.5560002593517,160.199393122556,-106.438985249339,-61.6126667740586,54.0537037395494
1600175025.3,-164.231363032466,-126.82894439979,68.3733007821827,0.235008315085473,-20.4745423912893,160.174937620131,-106.393597374661,-61.5479433697753,54.0020090969206
1600175025.4,-164.02667631214,-126.484910321025,68.0658094012237,-0.0110838330631479,-20.3931590917059,160.159439402058,-106.346859444423,-61.4866324918582,53.9614337241864
1600175025.5,-163.823181053967,-126.140300342074,67.7367342367505,-0.257149395583452,-20.3118297362149,160.152293883726,-106.302167519863,-61.425503890011,53.9297006773565
1600175025.6,-163.62070336437,-125.795609238567,67.3846244868068,-0.50316712609557,-20.2305337005091,160.152878443805,-106.258709445274,-61.3604141779763,53.9019720016753
1600175025.7,-163.41906934977,-125.451331785816,67.0077832608051,-0.749115775383376,-20.1492503602812,160.160553903486,-106.211794806476,-61.3006128982787,53.8848493245689
1600175025.8,-163.218105115171,-125.107962759137,66.604226362709,-0.994974095648873,-20.067959090986,160.17466604255,-106.160346328907,-61.2385889981533,53.8509456438183
1600175025.9,-163.017636768412,-124.765996934,66.1716341796864,-1.24072083909406,-19.9866392683162,160.194547132702,-106.113268863594,-61.1776325195023,53.8349164510948
1600175026,-162.817490413078,-124.425929085559,65.7072942379566,-1.48633475650282,-19.9052702678852,160.219517444591,-106.066116539607,-61.1166839229246,53.8207881938052
1600175026.1,-162.617496052604,-124.088094258489,65.2095195892467,-1.73179460149528,-19.8238314653857,160.248886897597,-106.021623629328,-61.0554484319145,53.820908226226
1600175026.2,-162.417499258624,-123.752188517827,64.6823630605247,-1.97707912343718,-19.7423022362725,160.281956474547,-105.973769119719,-60.9935137678322,53.8142902570162
1600175026.3,-162.217349498367,-123.417748171063,64.131744507505,-2.22216707594866,-19.6606619563176,160.318019973274,-105.926057955813,-60.9313469203191,53.8073288131896
1600175026.4,-162.016896241898,-123.08430952489,63.5641452128026,-2.46703720981358,-19.5788900010551,160.356365325416,-105.877009254155,-60.8703072172211,53.8096738118779
1600175026.5,-161.815988956445,-122.751408886717,62.9866949209201,-2.71166827439771,-19.4969657460983,160.396276297231,-105.830958977991,-60.8080669078929,53.8101434635295
1600175026.6,-161.614477109239,-122.418582563557,62.4072326156039,-2.95603902615742,-19.4148685671401,160.437033937464,-105.782257733067,-60.7441678703728,53.8092337947079
1600175026.7,-161.412210168925,-122.085366862342,61.8343350368154,-3.20012821445846,-19.3325778396351,160.477917943312,-105.733056448026,-60.6810299061541,53.8353890993599
1600175026.8,-161.209037602733,-121.751298090401,61.2773078450674,-3.4439145900847,-19.2500729395142,160.518184198268,-105.682328973207,-60.6173733209949,53.8573673818146
1600175026.9,-161.004808879309,-121.415912554668,60.746133312205,-3.68737690665628,-19.1673332420732,160.556997318017,-105.631303712974,-60.5532201764922,53.8710967417155
1600175027,-160.799373465883,-121.078746562312,60.2513698381505,-3.93049391353895,-19.0843381230844,160.593509074072,-105.579927250733,-60.4878547993978,53.8893858473038
1600175027.1,-160.59258572364,-120.739506377289,59.8013681978412,-4.17326153787173,-19.001076883923,160.62730824906,-105.525675401122,-60.4195108668098,53.8929634296149
1600175027.2,-160.384319586755,-120.39857824389,59.3939476658446,-4.41574439803303,-18.9175785286151,160.65969250553,-105.4736519808,-60.3529441282452,53.9124334353252
1600175027.3,-160.17445388336,-120.056518439081,59.0238261900613,-4.65802428450202,-18.8338819865516,160.69238660943,-105.420358926905,-60.2875007588483,53.947825672277
1600175027.4,-159.962867441587,-119.713883240464,58.6852833644829,-4.90018298917601,-18.7500261868061,160.727117027047,-105.363663407512,-60.2181781070647,53.970673771247
1600175027.5,-159.749439090987,-119.37122892532,58.3722540564242,-5.14230230111605,-18.6660500589283,160.765613374118,-105.309368239791,-60.1487331338677,53.9827830432969
1600175027.6,-159.53404765969,-119.029111770933,58.0784104449421,-5.38446401363757,-18.5819925321505,160.809610971894,-105.252975082109,-60.0789113744209,53.9881245210913
1600175027.7,-159.316571975829,-118.688088054665,57.7972307217636,-5.62674991580163,-18.4978925357048,160.860854138257,-105.197344179075,-60.0101096936014,54.0005691376873
1600175027.8,-159.096890867536,-118.34871405364,57.5220531934681,-5.86924180092365,-18.4137889990617,160.921100619853,-105.142888136182,-59.9426525950311,54.0263370432252
1600175027.9,-158.874883165779,-118.011546045459,57.2461155249598,-6.1120214594828,-18.3297208513741,160.992039890585,-105.086679534976,-59.8733749348009,54.0510169750617
1600175028,-158.650427695853,-117.677140307246,56.9625784842637,-6.35517068054015,-18.2457270221917,161.075025415664,-105.030137957532,-59.8037919538383,54.067605949231
1600175028.1,-158.423482685408,-117.345871924969,56.6664647215098,-6.59875384990125,-18.1618525464105,161.171314603833,-104.973373999326,-59.7330823386486,54.088234495812
1600175028.2,-158.194323971504,-117.01739117345,56.3604439007961,-6.84276573609531,-18.0781668780883,161.282163618071,-104.91467601643,-59.6611082787303,54.0970441258824
1600175028.3,-157.963306794975,-116.69116711397,56.0490366597205,-7.08718370439606,-17.9947455748036,161.408818355352,-104.853159165618,-59.5939162951187,54.1156912273593
1600175028.4,-157.73078639949,-116.366668807811,55.7366834995816,-7.33198512433159,-17.9116641938963,161.552505014961,-104.789660283677,-59.5243106594965,54.153030674273
1600175028.5,-157.497118028718,-116.043365315857,55.4277467195922,-7.57714736259375,-17.8289982930241,161.714422407198,-104.726462572221,-59.452599061433,54.1903327196839
1600175028.6,-157.262656926328,-115.720725699626,55.1265155696595,-7.82264778587439,-17.7468234296067,161.895733329314,-104.660270339373,-59.3821665163638,54.2116658278527
1600175028.7,-157.027758333153,-115.398219019924,54.8372145453172,-8.06846376228349,-17.6652151613016,162.097138794888,-104.596443359552,-59.3124590551953,54.2351000597753
1600175028.8,-156.792777494279,-115.07531433811,54.5640152093699,-8.31457265851289,-17.5842490452903,162.317648373733,-104.531309497632,-59.2363964749748,54.2526798356305
1600175028.9,-156.558069651959,-114.751480715307,54.3110512912267,-8.5609518440907,-17.5040006393892,162.555878722593,-104.468990827844,-59.1638825338799,54.2947881730333
1600175029,-156.323990049861,-114.426187212716,54.0824377015298,-8.80757868429064,-17.4245455010971,162.810487617553,-104.404558252454,-59.0883159801911,54.3433640256821
1600175029.1,-156.090804903054,-114.099034973044,53.8814560149734,-9.0544372733994,-17.3459461742721,163.079886911332,-104.337428587974,-59.0092688331986,54.3605100819878
1600175029.2,-155.858424256902,-113.770153571946,53.7080898632703,-9.30153861750124,-17.2682131517015,163.361347316296,-104.269144912658,-58.9329263046263,54.3914325746196
1600175029.3,-155.626669087042,-113.43980471937,53.5615794204052,-9.548900447439,-17.1913439135636,163.651878050982,-104.204510059876,-58.8509023631497,54.4189147030849
1600175029.4,-155.395360379039,-113.108250125583,53.4412481805743,-9.7965404926374,-17.1153359404337,163.949036195083,-104.134802827474,-58.7694404655,54.4452068927042
1600175029.5,-155.164319107113,-112.775751500851,53.3464848773036,-10.0444764881937,-17.0401867128076,164.252448231396,-104.070665686244,-58.6898553629786,54.4915548421965
1600175029.6,-154.933366256828,-112.442570555203,53.2767269582557,-10.2927261606963,-16.9658937107843,164.562247555995,-104.002832939886,-58.6048909585549,54.5103949911982
1600175029.7,-154.702322803823,-112.108968998745,53.2314439084295,-10.5413072452424,-16.8924544149391,164.878558325816,-103.934533696371,-58.5222068727039,54.5252285239157
1600175029.8,-154.471009730825,-111.775208541825,53.2101215483892,-10.7902374712569,-16.819866305609,165.201494758447,-103.869152725808,-58.4388825933885,54.5543590287408
1600175029.9,-154.239248017727,-111.441550894549,53.212246386556,-11.0395345681643,-16.7481268632106,165.531160505856,-103.801144138782,-58.3576874374721,54.5834132939101
1600175030,-154.006858644421,-111.108257766945,53.2372906260504,-11.289216271062,-16.6772335680809,165.867647927175,-103.734979767878,-58.2738955155191,54.6040855398113
1600175030.1,-153.773715268547,-110.775536647192,53.2842718936792,-11.5392993961007,-16.6072014292059,166.211514835396,-103.669155373086,-58.1870108256062,54.6072191539021
1600175030.2,-153.53990226583,-110.443378126226,53.3504709499201,-11.7897971290262,-16.538115554846,166.565224067566,-103.597743801528,-58.1045204878682,54.6106737428157
1600175030.3,-153.305556696835,-110.111718568686,53.4327243734312,-12.0407217352194,-16.4700785745279,166.931724528134,-103.524903197495,-58.0202126503915,54.6101160690337
1600175030.4,-153.070815619288,-109.780494339291,53.5278650201682,-12.2920854871521,-16.4031931176989,167.313975682178,-103.453008512586,-57.9336198424796,54.6007638035064
1600175030.5,-152.835816090918,-109.44964180284,53.6327327926752,-12.5439006544597,-16.3375618138857,167.714946852873,-103.379331414952,-57.847841015233,54.5823695103038
1600175030.6,-152.60069517087,-109.119097323895,53.7441824548465,-12.7961795067778,-16.2732872924563,168.137164845262,-103.307925264893,-57.7568794007381,54.5584548200887
1600175030.7,-152.365589916872,-108.788797267253,53.8590879738936,-13.0489343151599,-16.2104721829373,168.581347104669,-103.235070018699,-57.6710771917725,54.5467849192414
1600175030.8,-152.13063738807,-108.458677997634,53.9743440719166,-13.3021773506597,-16.1492191149348,169.047734105555,-103.161697461018,-57.5813690390352,54.5227225222638
1600175030.9,-151.895974642191,-108.128675879678,54.0868640827988,-13.5559208800763,-16.0896307176581,169.536533435839,-103.084928050787,-57.4954113966136,54.5103749754155
1600175031,-151.661738739798,-107.798727278026,54.1935750276296,-13.8101771772996,-16.0318096208719,170.047914920806,-103.00904532451,-57.4046285327562,54.4762906220926
1600175031.1,-151.428038339208,-107.468769541176,54.2910580258108,-14.0649456027542,-15.975843269286,170.581518290542,-102.934038359774,-57.316179258405,54.4456805738784
1600175031.2,-151.19486849541,-107.138743952276,54.3744614403774,-14.3201738913669,-15.9217583736608,171.135009620615,-102.862870666366,-57.2259810957332,54.4106390010287
1600175031.3,-150.962195855475,-106.808592778808,54.4385102647169,-14.5757968745258,-15.8695664620039,171.705582230289,-102.788426421544,-57.1378593584267,54.3916549285422
1600175031.4,-150.729987062216,-106.478258287937,54.4778613827264,-14.831749380783,-15.8192790628783,172.290455212624,-102.712813364894,-57.0479749463755,54.3693653057324
1600175031.5,-150.498208764122,-106.147682746988,54.487125271073,-15.0879662386905,-15.7709077043708,172.886879806528,-102.635524188399,-56.9613376755941,54.3555689821873
1600175031.6,-150.266827608261,-105.816808423364,54.4608984798624,-15.3443822782185,-15.7244639146478,173.492145372155,-102.555314099817,-56.8709006683923,54.3346775756071
1600175031.7,-150.035810237449,-105.48557758423,54.3938083176615,-15.6009323293372,-15.6799592220341,174.103584886364,-102.481567674205,-56.7812534304364,54.3359179259221
1600175031.8,-149.805123301591,-105.153932497069,54.2805698019831,-15.8575512205986,-15.637405154696,174.718649481936,-102.404074117235,-56.6917326134167,54.3439788216151
1600175031.9,-149.574733442083,-104.821815429046,54.1160541167667,-16.114173783391,-15.5968132409584,175.335125250854,-102.325021028901,-56.6000999635008,54.3514780391202
1600175032,-149.344607308832,-104.489168647486,53.8953694410262,-16.3707348434302,-15.558195009067,175.950933684509,-102.247626943618,-56.5099787941095,54.3601502659174
1600175032.1,-149.11477263473,-104.155963905903,53.6171216585616,-16.6271864495853,-15.5215671328062,176.564240283346,-102.167656410735,-56.42045338524,54.3812908754627
1600175032.2,-148.885501505893,-103.822290904409,53.2928305048774,-16.8835494880319,-15.4869668640673,177.173940780054,-102.086568585162,-56.3334893962387,54.4138638004665
1600175032.3,-148.657127099933,-103.488268830099,52.9370667117715,-17.1398620539178,-15.4544365982166,177.779063580568,-102.00712989673,-56.2442013649207,54.4504035288997
1600175032.4,-148.429982591625,-103.154016870387,52.56410406415,-17.3961622466448,-15.424018730303,178.378585529317,-101.926773230534,-56.1551939242339,54.4848747102355
1600175032.5,-148.204401157162,-102.81965421205,52.1878238199273,-17.6524881599427,-15.3957556553751,178.971433739351,-101.844620581554,-56.0657141179208,54.5305497616206
1600175032.6,-147.980715975575,-102.485300042583,51.8216697684382,-17.9088778889591,-15.3696897687198,179.556487793917,-101.762604261386,-55.9762833338597,54.581152775274
1600175032.7,-147.759260220222,-102.151073548922,51.478653037734,-18.1653695316778,-15.3458634654653,-179.867417727008,-101.680613015122,-55.8867266638176,54.632932592453
1600175032.8,-147.540367070131,-101.817093918322,51.1714065166505,-18.4220011818286,-15.3243191408191,-179.301490399467,-101.600969414418,-55.7998879321716,54.6954445770538
1600175032.9,-147.324369700079,-101.483480337958,50.9122865813602,-18.6788109373951,-15.3050991898299,-178.746976752942,-101.522679121039,-55.7110468314668,54.7572558203765
1600175033,-147.111601287676,-101.150351994926,50.7135228127044,-18.9358368921072,-15.2882460078641,-178.203921643183,-101.442433550918,-55.6207905645321,54.8133934830493
1600175033.1,-146.902253702682,-100.817788559664,50.5832724228525,-19.193088368732,-15.2738060147947,-177.66732473457,-101.364813589191,-55.5290756518022,54.8757684904215
1600175033.2,-146.695953505437,-100.485711611206,50.5134246134746,-19.4504595905891,-15.2618417281249,-177.130383252114,-101.286417760214,-55.4365023191139,54.9399411225409
1600175033.3,-146.492185910141,-100.154003199703,50.4920674903014,-19.7078160157083,-15.252419689944,-176.58608112945,-101.20697683965,-55.3445867445783,55.0038558913592
1600175033.4,-146.290436129573,-99.8225453752284,50.5074704933329,-19.965023097865,-15.2456064418651,-176.027330146931,-101.128667926263,-55.2552466346439,55.0783116894828
1600175033.5,-146.090189375097,-99.4912201881704,50.5479391275866,-20.2219462908347,-15.2414685255807,-175.446973960002,-101.048579283248,-55.1627431487161,55.1491195553944
1600175033.6,-145.890930858073,-99.1599096883633,50.6017075021546,-20.4784510540651,-15.2400724829419,-174.837788853637,-100.968773194962,-55.0676962129328,55.2131742525035
1600175033.7,-145.692145794119,-98.8284959261965,50.6568692982408,-20.7344028413319,-15.2414848557206,-174.195361203583,-100.884971096853,-54.9749653529305,55.2726680075529
1600175033.8,-145.493319394597,-98.4968609517419,50.7013472277959,-20.9896671064104,-15.2457721856092,-173.526618405884,-100.800781584862,-54.8829717843459,55.3445617561708
1600175033.9,-145.293936869452,-98.1648868152302,50.7229036580301,-21.2441093073303,-15.2530010143796,-172.841003193308,-100.715379423899,-54.7924029867326,55.4016372435641
1600175034,-145.093483434298,-97.8324555666541,50.7091925766557,-21.4975948978672,-15.2632378838036,-172.147555801181,-100.633804986455,-54.7031292011429,55.4760735692599
1600175034.1,-144.891574780954,-97.4994690666481,50.6515837212039,-21.7500515450314,-15.2765095354418,-171.453966001323,-100.549025831406,-54.6119153982482,55.5473732746023
1600175034.2,-144.688348684719,-97.165908440166,50.5564733532992,-22.0016557645181,-15.292683502866,-170.764023361356,-100.466109333803,-54.5222519284272,55.6170067852156
1600175034.3,-144.484073473672,-96.8317746339171,50.4341095674941,-22.2526462937667,-15.3115875161821,-170.080990396251,-100.382863856245,-54.4344061990313,55.6834067447978
1600175034.4,-144.279017481564,-96.4970685951663,50.294785509382,-22.5032618645435,-15.3330493051786,-169.408628503837,-100.297958219861,-54.3459857030231,55.7559336420154
1600175034.5,-144.073449036473,-96.1617912705436,50.1487775791833,-22.7537412100332,-15.3568965998025,-168.751190046309,-100.217326671002,-54.2557584935384,55.836724024234
1600175034.6,-143.867636470732,-95.825943606917,50.0063085231122,-23.004323067675,-15.382957130001,-168.113946575092,-100.133133663328,-54.1686161034184,55.9207574038624
1600175034.7,-143.661848116675,-95.4895265513926,49.8775356233899,-23.2552461663991,-15.411058625642,-167.5047948407,-100.050652391761,-54.0770092319218,56.0011139265338
1600175034.8,-143.456352302381,-95.1525410506006,49.7725644367412,-23.5067492436446,-15.4410288169107,-166.932546549913,-99.9670058309938,-53.9866424759315,56.0876718922931
1600175034.9,-143.251417360181,-94.8149880517263,49.701488779724,-23.7590710325962,-15.472695433278,-166.406292282675,-99.88540564178,-53.8907749172765,56.1885501830921
1600175035,-143.047311620992,-94.4768685014791,49.6744568893795,-24.0124502664386,-15.5058862051673,-165.935290206388,-99.802530903765,-53.8003372243732,56.2711148076984
1600175035.1,-142.844296465488,-94.138202285914,49.6991420929895,-24.2670437361377,-15.5404826121324,-165.524605676507,-99.7182205276397,-53.7062062409436,56.3490530900724
1600175035.2,-142.642605477632,-93.7990850584707,49.7729179439017,-24.5226804964011,-15.5765811090535,-165.162144069229,-99.6371060086605,-53.6125680421656,56.4438954558644
1600175035.3,-142.44246528406,-93.459631416142,49.8906331101925,-24.7791076767354,-15.6143318879541,-164.831112775163,-99.5575494001264,-53.5168967702588,56.5400018036912
1600175035.4,-142.244102518496,-93.119955956238,50.0471571988487,-25.036072405229,-15.65388514062,-164.514385177866,-99.4767521204287,-53.4220177560637,56.6494428496102
1600175035.5,-142.047743808992,-92.7801732761484,50.2373200515293,-25.2933218170608,-15.6953910589955,-164.197049724029,-99.3971697303443,-53.3240721074829,56.742866132283
1600175035.6,-141.853615789272,-92.4403979730247,50.4558609283816,-25.550603037483,-15.7389998351835,-163.87387041209,-99.3189564540291,-53.2264176910824,56.8261857735456
1600175035.7,-141.661945085971,-92.1007446440976,50.6973866432252,-25.8076632002564,-15.7848616611286,-163.542082020649,-99.2412998393898,-53.1280334767626,56.9168484061737
1600175035.8,-141.472958331393,-91.7613278867568,50.9563405615577,-26.0642494334693,-15.8331267286957,-163.19895734562,-99.162173659368,-53.0307973794138,56.9960647360876
1600175035.9,-141.28688215501,-91.4222622982331,51.2269820822192,-26.3201088680464,-15.8839452299085,-162.841805185612,-99.0805695206704,-52.9325285477301,57.0734783603615
1600175036,-141.10394318771,-91.0836624758368,51.5033778518739,-26.5749886334942,-15.9374673567112,-162.467970216436,-99.0039085829789,-52.8325460721267,57.1440107457669
1600175036.1,-140.92428393141,-90.7457062635046,51.7795977331834,-26.828701398062,-15.9938037674019,-162.076076654974,-98.9236987695136,-52.7348539567556,57.2118221451896
1600175036.2,-140.747710285639,-90.408824559551,52.0503293485614,-27.0813219835525,-16.0529069821994,-161.669726463319,-98.8457543587472,-52.6361916269342,57.2945647298817
1600175036.3,-140.573943975576,-90.0735115433687,52.3103619205013,-27.3329907505113,-16.1146899863268,-161.253721811014,-98.7656719200379,-52.5380106540165,57.3663741948164
1600175036.4,-140.402706723561,-89.7402613939538,52.5544262457122,-27.5838480623203,-16.1790657644512,-160.832817032856,-98.6826873565895,-52.4380124744382,57.4239127752726
1600175036.5,-140.233720259027,-89.4095682906195,52.7772272221637,-27.8340342795251,-16.2459473017164,-160.411721273242,-98.5997385427067,-52.3393152617214,57.4885035491297
1600175036.6,-140.066706302898,-89.0819264123619,52.9734804633357,-28.0836897655075,-16.3152475831071,-159.995102979292,-98.5185043664191,-52.2394156550133,57.5645220922907
1600175036.7,-139.90138658177,-88.7578299384148,53.1379534065427,-28.332954879395,-16.3868795936082,-159.58759625269,-98.4346611142623,-52.1390952171319,57.6377318678902
1600175036.8,-139.737482820821,-88.437773047933,53.2655098830543,-28.5819699845694,-16.4607563181252,-159.193301301968,-98.3531591360212,-52.0371889256852,57.702946021376
1600175036.9,-139.574716745229,-88.122249920071,53.3511573158316,-28.8308754429944,-16.5367907417221,-158.814349124125,-98.2694414136371,-51.9388014651195,57.7603078771536
1600175037,-139.412810080172,-87.8117547339837,53.3900966042349,-29.0798116152157,-16.6148958493045,-158.452564264491,-98.1874151226167,-51.8377962390507,57.8113824514066
1600175037.1,-139.251529234594,-87.5066646349653,53.3800990927957,-29.3288894668407,-16.6949879666472,-158.109572686795,-98.1090417865527,-51.7386839239187,57.8785212523317
1600175037.2,-139.09081937803,-87.2068885827795,53.3284472273443,-29.578102385143,-16.7769967793505,-157.785537772964,-98.0268514309926,-51.6374787483385,57.9511077019299
1600175037.3,-138.930670373708,-86.9122184785627,53.2447792278226,-29.8274143681304,-16.8608553133283,-157.480283486664,-97.9459276983216,-51.5375405963687,58.0162597766
1600175037.4,-138.771072083437,-86.6224462234509,53.1386513744166,-30.0767894152288,-16.9464965940185,-157.193632076685,-97.8671520325151,-51.4358291652558,58.0889497939831
1600175037.5,-138.612014371862,-86.3373637185805,53.0194621899194,-30.3261915258645,-17.0338536469381,-156.925216505396,-97.7878148025673,-51.3332963756385,58.1685301225555
1600175037.6,-138.453487100794,-86.0567628650084,52.8963982340999,-30.5755846980451,-17.1228594976836,-156.674535857472,-97.7058302016468,-51.2342611234844,58.2380117619569
1600175037.7,-138.295480134878,-85.7804355640295,52.7784007124287,-30.8249329311969,-17.2134471719308,-156.441001211576,-97.6238814211981,-51.129472544321,58.309020496334
1600175037.8,-138.137983335924,-85.508173716542,52.6741521184191,-31.0742002219094,-17.3055496951968,-156.223949073511,-97.5391722776655,-51.0278803166567,58.3771949970402
1600175037.9,-137.980986567159,-85.2397692238408,52.592081558377,-31.3233505710269,-17.3991000930782,-156.022653940451,-97.4558031692064,-50.925801979967,58.4438236808539
1600175038,-137.824479691811,-84.9750139869035,52.5403874390308,-31.5723479765572,-17.4940313911713,-155.836339581878,-97.3706640835791,-50.8234817325394,58.5156351028534
1600175038.1,-137.668441949917,-84.7136653892867,52.5243897509635,-31.8211655465566,-17.5902992762417,-155.663865713786,-97.2866816649398,-50.7156068158314,58.5659239419488
1600175038.2,-137.512810067484,-84.4553427089828,52.5386294195689,-32.0698128349473,-17.6879500800485,-155.502785418873,-97.2059518427109,-50.6098503096091,58.6378988056922
1600175038.3,-137.357510147329,-84.1996306898138,52.5751342788854,-32.3183084957727,-17.7870527952815,-155.350351722535,-97.123777022733,-50.5072651354374,58.7153464085742
1600175038.4,-137.202468288011,-83.9461140752841,52.6261079912234,-32.5666711930033,-17.8876764149483,-155.203840698601,-97.0391322451522,-50.3998582434324,58.7747802480112
1600175038.5,-137.047610588094,-83.6943776089775,52.6839090539644,-32.8149195863553,-17.9898899315006,-155.060546340335,-96.9594350279003,-50.2938870355134,58.832627837507
1600175038.6,-136.892863150394,-83.4440060345572,52.7410394083033,-33.0630723355447,-18.0937623381047,-154.917776758922,-96.8766432460649,-50.1883235490745,58.8897045918962
1600175038.7,-136.738152072054,-83.1945840954484,52.7901413651646,-33.3111481017057,-18.1993626274504,-154.77294402968,-96.7919542782263,-50.0846949573434,58.9570107225742
1600175038.8,-136.583403454472,-82.9456965354729,52.824002947107,-33.5591655431363,-18.3067597921485,-154.62384317344,-96.7086710089992,-49.9814460430325,59.0372719241439
1600175038.9,-136.428543396209,-82.6969280980558,52.8355702002254,-33.8071433195525,-18.4160228252063,-154.468381578841,-96.6251442856423,-49.8734923140063,59.1044999708588
1600175039,-136.273497997247,-82.4478635269397,52.8179665781949,-34.0551000935067,-18.5272207193137,-154.304490224213,-96.543689064469,-49.768653800651,59.163789962126
1600175039.1,-136.118209953905,-82.1981670911942,52.7666224927554,-34.303050497234,-18.6403932819057,-154.130826563461,-96.4615108565856,-49.6631005035222,59.2287971135132
1600175039.2,-135.962688362052,-81.9478211894565,52.6854956818357,-34.5509930573006,-18.7554635980517,-153.948864390967,-96.3782082256694,-49.5576957402867,59.3068605605251
1600175039.3,-135.806958912476,-81.6968877587096,52.5805406589952,-34.7989222784638,-18.872325577251,-153.76077937556,-96.2959220642803,-49.4504602247318,59.3763133833109
1600175039.4,-135.651047301641,-81.4454287362538,52.457544458764,-35.0468326598088,-18.9908731286056,-153.568744918062,-96.2151606064726,-49.3454674218146,59.459375162697
1600175039.5,-135.494979218919,-81.193506059231,52.3221067613627,-35.2947187060931,-19.111000161694,-153.373860419545,-96.1340580720854,-49.2395998015625,59.5438268918697
1600175039.6,-135.338780360772,-80.9411816647826,52.179632459083,-35.54257491782,-19.2326005857773,-153.172942059583,-96.050516344944,-49.1314442030134,59.6368141272949
1600175039.7,-135.182476419408,-80.6885174901299,52.0353344081913,-35.7903957969108,-19.3555683102749,-152.961727363215,-95.9678068059704,-49.0241882202482,59.7336030882367
1600175039.8,-135.026093088455,-80.4355754724938,51.8942464837222,-36.0381758452868,-19.4797972446068,-152.735944474293,-95.8861910329582,-48.9160076194766,59.8232769908827
1600175039.9,-134.869656061538,-80.1824175489367,51.7612455448382,-36.2859095677055,-19.6051812980338,-152.491311725403,-95.805943210851,-48.8076639451319,59.9258405717166
1600175040,-134.713191032284,-79.9291056567589,51.6410816140751,-36.5335914646702,-19.7316143799757,-152.223535746809,-95.7250673272057,-48.7007197680497,60.0421411649862
1600175040.1,-134.5567239198,-79.6756648995538,51.5376606763975,-36.7812114291892,-19.8590239072168,-151.92996368751,-95.640320808934,-48.5939090356197,60.1390657563158
1600175040.2,-134.400281549381,-79.4219730147299,51.4518545762737,-37.0287409143644,-19.9874713234607,-151.614528359063,-95.5583803642363,-48.4875317506178,60.2346818450887
1600175040.3,-134.24389097038,-79.1678708895568,51.3838484803882,-37.276146767221,-20.1170515775528,-151.282750015074,-95.4743781698149,-48.3793478500967,60.3156183845663
1600175040.4,-134.087579236408,-78.9131994115418,51.3339016602811,-37.523395831948,-20.2478596188942,-150.940072728541,-95.3876313506839,-48.2712076100523,60.3985111772309
1600175040.5,-133.931373396821,-78.6577994682721,51.302341625184,-37.7704549569886,-20.379990396648,-150.591864012206,-95.3013823040839,-48.1653333687889,60.4804309357308
1600175040.6,-133.775300503812,-78.4015119469375,51.2895590240051,-38.0172909851137,-20.5135388598184,-150.243418658865,-95.2154894030818,-48.0570914078237,60.5637074943432
1600175040.7,-133.619387608154,-78.1441777351251,51.2960025088263,-38.2638707633485,-20.6485999578065,-149.898866976775,-95.1266056578926,-47.9479801047358,60.6382586067172
1600175040.8,-133.463661760621,-77.8856377202629,51.3221737546565,-38.5101611358818,-20.7852686395372,-149.557963792226,-95.0413795900229,-47.8432236814593,60.7270221633118
1600175040.9,-133.308150011987,-77.6257327897792,51.3686226231104,-38.7561289483208,-20.9236398543322,-149.219529897005,-94.953340939376,-47.7353762862398,60.8131700722472
1600175041,-133.152879413027,-77.3643038311815,51.4359418915108,-39.0017410491088,-21.0638085512753,-148.882568185532,-94.8658460298492,-47.6280469980419,60.9119256031924
1600175041.1,-132.997850201985,-77.1012596503118,51.5240890756034,-39.2469629011789,-21.2058435969977,-148.546877113163,-94.7750447315157,-47.5219882188783,61.0196698557701
1600175041.2,-132.842955352811,-76.8367807422263,51.6303463264944,-39.491754462295,-21.3497095461828,-148.214876622336,-94.6869360962975,-47.4154482126005,61.117441539035
1600175041.3,-132.688061025508,-76.5711155284126,51.7512977312076,-39.7360743089651,-21.4953448811432,-147.888509723865,-94.5953649010281,-47.309197181515,61.2193538719358
1600175041.4,-132.533033377242,-76.304512430517,51.8834789232736,-39.9798810191155,-21.6426880840329,-147.564875415075,-94.5091958679941,-47.2034333479406,61.3439865494768
1600175041.5,-132.377738566598,-76.0372198698684,52.0233621920935,-40.2231331678361,-21.7916776369262,-147.23972778098,-94.4175505131874,-47.094061895712,61.4586529912389
1600175041.6,-132.222042750743,-75.7694862677956,52.1673476059677,-40.4657893358894,-21.9422520220564,-146.908681805782,-94.3270994879875,-46.9888838497446,61.5766740984566
1600175041.7,-132.065812089678,-75.5015600461037,52.3117599894582,-40.7078080969472,-22.094349721498,-146.567216565742,-94.2383211068039,-46.8796741545392,61.7118161625789
1600175041.8,-131.90891274057,-75.2336896261215,52.4528523918817,-40.9491480317719,-22.2479092173255,-146.210669124322,-94.1508214578965,-46.7716670441594,61.8518224008637
1600175041.9,-131.751210863423,-74.9661234292573,52.5868159337567,-41.1897677154535,-22.4028689917721,-145.836023624509,-94.0616930928771,-46.661530985894,61.9937116073104
1600175042,-131.592572613984,-74.6991098771574,52.7097962874934,-41.4296257245,-22.5591675269122,-145.447363817484,-93.9764604874416,-46.554347612699,62.142619215873
1600175042.1,-131.432915089963,-74.4328549175137,52.8187061393645,-41.6687031198244,-22.7167574613234,-145.050589555435,-93.8872961090851,-46.4453814669132,62.2957616771477
1600175042.2,-131.272359185275,-74.1673945702096,52.9136413654091,-41.9070708900319,-22.8756480561817,-144.65178794891,-93.7973530896213,-46.3350378067152,62.442694785358
1600175042.3,-131.111076745722,-73.9027223645831,52.995554873414,-42.1448224982056,-23.0358627281344,-144.257208056239,-93.7101996778579,-46.2244325441308,62.5742506826828
1600175042.4,-130.949239627035,-73.6388318301309,53.0654573744144,-42.3820514116831,-23.1974248930347,-143.873238046008,-93.6207967464188,-46.1145931446761,62.6880792546206
1600175042.5,-130.787019676435,-73.3757164961911,53.1244019221714,-42.6188510992199,-23.3603579674505,-143.506398410341,-93.5338736058758,-46.0034648534677,62.8055957761215
1600175042.6,-130.624588745397,-73.1133698920225,53.1734708675457,-42.8553150253175,-23.5246853676319,-143.163325452881,-93.4433716188613,-45.8946474155011,62.9127802851574
1600175042.7,-130.462118683979,-72.8517855472011,53.2137645727535,-43.0915366573133,-23.6904305099087,-142.850745558046,-93.3539303355936,-45.7886162716597,63.0360844593845
1600175042.8,-130.299781345074,-72.5909569909856,53.2463925116566,-43.3276094625449,-23.8576168104516,-142.575440383487,-93.264251778394,-45.6793031022241,63.1550222245292
1600175042.9,-130.137748575903,-72.3308777527934,53.2724662764175,-43.5636269055135,-24.0262676855109,-142.344203123257,-93.1707950555441,-45.5688502938113,63.2586639293942
1600175043,-129.976192227942,-72.0715413621214,53.2930951396254,-43.7996824563929,-24.1964065515751,-142.154046936159,-93.0802191685095,-45.4598744175432,63.3720143835766
1600175043.1,-129.815200661852,-71.8129388685738,53.3091041076546,-44.0357936262163,-24.3680375441268,-141.971624291191,-92.9840049883181,-45.3485780954377,63.4706376422644
1600175043.2,-129.654528267951,-71.5550514033756,53.3201919830872,-44.2716741830506,-24.5410876923284,-141.788651186464,-92.8907129497294,-45.2380739884157,63.5192933699151
1600175043.3,-129.493845935816,-71.2978576174621,53.32576474468,-44.5069619755298,-24.7154647526718,-141.605574390509,-92.7920403086913,-45.1246262619816,63.5476742216564
1600175043.4,-129.332824560695,-71.0413361621657,53.3252139969452,-44.7412948508697,-24.8910764819663,-141.422856158189,-92.693620116963,-45.0132728395568,63.5439477751319
1600175043.5,-129.171135033584,-70.7854656887395,53.317916996964,-44.9743106548679,-25.0678306367038,-141.24097510217,-92.5960451034465,-44.8982363828345,63.4905895637129
1600175043.6,-129.008448248313,-70.5302248482776,53.3032368944107,-45.2056472375764,-25.2456349735348,-141.060426541318,-92.4994904749058,-44.7850435330705,63.4115808753928
1600175043.7,-128.844435097296,-70.2755922921124,53.2805235361222,-45.4349424462111,-25.4243972491892,-140.879943277888,-92.3991786193611,-44.6746335828208,63.3108342772899
1600175043.8,-128.678766472945,-70.0215466713381,53.2491146764817,-45.6618341265697,-25.604025220159,-140.69106859508,-92.3003954480805,-44.561948941862,63.1871409220171
1600175043.9,-128.511113267673,-69.7680666371283,53.2083376237817,-45.8859601272859,-25.7844266430947,-140.483308766415,-92.2023546422166,-44.4490852956878,63.05958566586
1600175044,-128.341146373894,-69.5151308408155,53.1575113168873,-46.1069582941576,-25.9655092747263,-140.245785720452,-92.1027606837241,-44.3390741595476,62.9324036826196
1600175044.1,-128.168642089151,-69.2627032741853,53.0971322159408,-46.3246192123591,-26.1471998150986,-139.969448383676,-91.9988731143506,-44.2264825249578,62.7846763075359
1600175044.2,-127.993798392494,-69.0106892803593,53.0324475951269,-46.5393443593386,-26.3295007325142,-139.65424820636,-91.8983390737461,-44.1148692905274,62.6526444849852
1600175044.3,-127.816918706391,-68.7589795383875,52.9699449447536,-46.7516879278128,-26.5124334361299,-139.304004805418,-91.7982208790531,-44.0028654555599,62.5352078131616
1600175044.4,-127.638306451894,-68.5074647269232,52.9161776305494,-46.9622041062441,-26.696019335023,-138.929567672906,-91.6996930131903,-43.8921831732609,62.438483174357
1600175044.5,-127.458265050054,-68.2560355249369,52.8777680575908,-47.1714470873492,-26.8802798383502,-138.544250723546,-91.5975438208593,-43.7834177066655,62.347543455078
1600175044.6,-127.277097921923,-68.0045826112408,52.8614096872698,-47.3799710638449,-27.0652363549507,-138.162348036954,-91.4962208619804,-43.6739562602961,62.2838150583444
1600175044.7,-127.095108487134,-67.7529966644085,52.8738680285149,-47.5883302241936,-27.2509102939811,-137.799216914162,-91.392941389752,-43.5661252784087,62.2317026993143
1600175044.8,-126.912600168156,-67.501168363649,52.9219799383051,-47.797078761112,-27.4373230645981,-137.469274741329,-91.2934815123384,-43.4591299796598,62.2001295550772
1600175044.9,-126.72987638604,-67.2489883874567,53.012651752209,-48.0067708658987,-27.6244960757203,-137.17971126396,-91.1885436539433,-43.3499945849399,62.1776494301211
1600175045,-126.547240561838,-66.9963474148023,53.1528549308291,-48.2179607298524,-27.812450736425,-136.935849570452,-91.0889116938995,-43.2425630613468,62.1811709961545
1600175045.1,-126.364910291551,-66.7431764490268,53.3469505025596,-48.4311358681909,-28.0012030555139,-136.741699552212,-90.9845462128647,-43.1357222437085,62.1845043888345
1600175045.2,-126.182759872394,-66.4895677934923,53.5886228957523,-48.6465171683877,-28.1907474451319,-136.595995407267,-90.8815616614339,-43.0265732843575,62.2011617643884
1600175045.3,-126.000577772278,-66.2356540768838,53.8687877349624,-48.8642588701982,-28.3810729195297,-136.495865728836,-90.7750186363453,-42.917836147994,62.2435733328461
1600175045.4,-125.818152461951,-65.9815679280452,54.1782472410905,-49.0845152147958,-28.5721684932756,-136.438137308219,-90.6765908590552,-42.810962050579,62.3024580756792
1600175045.5,-125.63527241074,-65.7274419757407,54.5076937474761,-49.3074404433538,-28.7640231807791,-136.419392090713,-90.572177509141,-42.7032707769777,62.3712177028133
1600175045.6,-125.451726087975,-65.4734088487349,54.8477171778448,-49.533188799882,-28.9566259962115,-136.437293257237,-90.4725960188217,-42.5939956618264,62.4531765347584
1600175045.7,-125.267301962985,-65.219601175792,55.1888145785807,-49.7619145227176,-29.1499659541411,-136.494423017805,-90.3720122317374,-42.4874502994888,62.5495026439578
1600175045.8,-125.081788505099,-64.9661515858352,55.5214018588019,-49.9937718558702,-29.3440320688188,-136.594390389821,-90.2688673426049,-42.3794461353705,62.6450304376996
1600175045.9,-124.894974183646,-64.7131927074701,55.8358256695375,-50.2289150390951,-29.5388133547332,-136.740424167131,-90.1680014985537,-42.2693785725464,62.7592400016511
1600175046,-124.706647469372,-64.4608571695406,56.1223745052623,-50.4674983149838,-29.7342988262147,-136.935225151596,-90.0717991200158,-42.1601789862371,62.8743164023003
1600175046.1,-124.516657090663,-64.2092061972907,56.3737084738559,-50.7094656150462,-29.9304657303285,-137.176762598574,-89.9738276804199,-42.0536240747256,63.0191497426776
1600175046.2,-124.325092847579,-63.9580153590974,56.5921291170917,-50.9539197200611,-30.1272442496062,-137.44643094998,-89.8706099591169,-41.94403659147,63.1566600863069
1600175046.3,-124.132104817672,-63.7069887980664,56.7823279380226,-51.1997531394333,-30.3245528015373,-137.723090923805,-89.7701515685013,-41.8331073597425,63.3037859235369
1600175046.4,-123.937843078496,-63.4558306578593,56.948982524668,-51.4458583854036,-30.5223098036112,-137.990526296747,-89.6704596386996,-41.7275397792583,63.466770464971
1600175046.5,-123.742457707602,-63.2042450814233,57.0967674046789,-51.6911279687949,-30.7204336734762,-138.234760341409,-89.5693702907304,-41.6212102871993,63.6268974201252
1600175046.6,-123.546098782542,-62.9519362122611,57.2303554696737,-51.9344544004299,-30.9188428285423,-138.442985454697,-89.4657653072852,-41.5145322360051,63.79599200963
1600175046.7,-123.34891638087,-62.6986081936375,57.354410279697,-52.1747301925496,-31.1174556864578,-138.603277430561,-89.3651363032191,-41.4101895924816,63.9812667581366
1600175046.8,-123.151060580137,-62.4439651688966,57.4735685100338,-52.4108478545588,-31.316190664474,-138.704170961515,-89.2635904643981,-41.3037841622077,64.1657204115105
1600175046.9,-122.952681459313,-62.1877112813823,57.5924131684623,-52.6416998986982,-31.514966180398,-138.732547220247,-89.1650894266633,-41.2007597189729,64.3618614924875
1600175047,-122.753929093115,-61.9295506742799,57.7154374452791,-52.866178837209,-31.7137006515604,-138.668283311696,-89.0630531739728,-41.0966707580559,64.5498816348103
1600175047.1,-122.554994528787,-61.6693114548391,57.8461307993402,-53.0836116851233,-31.9123477887509,-138.49557498324,-88.9607496780708,-40.9912997458878,64.7279396411913
1600175047.2,-122.356232723535,-61.40731772874,57.9844381433278,-53.2950635523089,-32.1110024819136,-138.226602161774,-88.8582895074894,-40.8848882012976,64.8879920045816
1600175047.3,-122.158039626949,-61.1440176373295,58.1295706910844,-53.5020340882961,-32.3097949167535,-137.880420404536,-88.7521791061737,-40.7766027575127,65.0174916966482
1600175047.4,-121.960811191454,-60.8798593218754,58.2809278073586,-53.7060229454515,-32.5088552792933,-137.476626293687,-88.6455267576687,-40.6700040724053,65.1051593249256
1600175047.5,-121.764943363801,-60.6152909236451,58.438115147412,-53.9085297733055,-32.708313755238,-137.036170529104,-88.5420036044102,-40.5584737643427,65.1467905363946
1600175047.6,-121.570832096416,-60.3507605839857,58.6009586911316,-54.1110542213884,-32.9083005306897,-136.581918465542,-88.4364899169336,-40.4466515497501,65.1578607346698
1600175047.7,-121.378873336052,-60.0867164440854,58.7695171565391,-54.3150959406487,-33.1089457915121,-136.140268101864,-88.3348697781807,-40.3351566044469,65.135686643696
1600175047.8,-121.189463035133,-59.8236066452117,58.944095692639,-54.522154582035,-33.3103797236487,-135.745070847151,-88.2292816007431,-40.2225312680858,65.0850558818349
1600175047.9,-121.002997143248,-59.5618793287912,59.1252637082633,-54.7337297964956,-33.5127325128837,-135.432967400092,-88.1249222502717,-40.1112482846903,65.0144030598737
1600175048,-120.819871608568,-59.3019826360914,59.3138798003759,-54.951321233561,-33.7161343451604,-135.241057316488,-88.0205311961514,-40.0006158552961,64.944146739604
1600175048.1,-120.64034238034,-59.044203825352,59.5102951329832,-55.1759790758931,-33.9206642965833,-135.197032215983,-87.9147561861439,-39.8905853967129,64.8743708077928
1600175048.2,-120.464105321358,-58.7881865408593,59.7116819819857,-55.4069558542359,-34.1261970275574,-135.292418640923,-87.8077974583744,-39.7834895296693,64.8123112583363
1600175048.3,-120.290716258623,-58.5334135034659,59.9141355770287,-55.6430547430788,-34.3325561012705,-135.507050128286,-87.7009929774509,-39.6751699997456,64.7582401932641
1600175048.4,-120.119731020553,-58.2793674337866,60.1133780714104,-55.8830789112387,-34.5395650809107,-135.814515866196,-87.5958272104352,-39.567690284474,64.7260745352092
1600175048.5,-119.950705432729,-58.0255310525949,60.3046962797715,-56.1258315346233,-34.7470475295069,-136.187225646955,-87.4917197306777,-39.4612901681082,64.7103831777739
1600175048.6,-119.783195320734,-57.7713870805054,60.4829042795794,-56.3701157848857,-34.9548270102473,-136.598431634346,-87.3893215421764,-39.351189094109,64.7181518015439
1600175048.7,-119.616756512985,-57.5164182382123,60.6423366268539,-56.6147348336791,-35.1627270861608,-137.022630060206,-87.2874617867456,-39.2459253777775,64.7471458696562
1600175048.8,-119.450944835066,-57.2601072463302,60.7768797049113,-56.8584918554929,-35.3705713204355,-137.435747136257,-87.1862077885503,-39.1390024473571,64.7881719495717
1600175048.9,-119.285316113974,-57.0019368255533,60.8800503676269,-57.1001900205624,-35.5781832760211,-137.815678955177,-87.0888115568962,-39.0336421285745,64.851042493081
1600175049,-119.119426176712,-56.7413896967343,60.9451285972764,-57.3386325019586,-35.7853865161848,-138.143823583954,-86.9878171071548,-38.9281292013019,64.932030603473
1600175049.1,-118.952938711605,-56.4781040232317,60.9676047448875,-57.572925062782,-35.9920457181767,-138.407957748762,-86.8872688271363,-38.8205319888175,65.0363169545804
1600175049.2,-118.785948964324,-56.2123399053662,60.9522366432461,-57.8033838418473,-36.1981900183525,-138.615240770227,-86.7858818625099,-38.7094585998419,65.1535290544843
1600175049.3,-118.618660104261,-55.9445129686801,60.9064393788577,-58.030627575089,-36.4038896691145,-138.776920322536,-86.6829033480461,-38.6019362757459,65.3002734605408
1600175049.4,-118.45127529372,-55.6750388391126,60.8379085406273,-58.2552750055321,-36.6092149223093,-138.903626508137,-86.581181521073,-38.4922510940918,65.4472373750439
1600175049.5,-118.283997702094,-55.404333141968,60.7544884252417,-58.477944867693,-36.8142360303392,-139.00557681262,-86.4745601118464,-38.3826950992795,65.5869622803756
1600175049.6,-118.117030493106,-55.1328115032648,60.664066234272,-58.6992559031785,-37.0190232452097,-139.092207808182,-86.3659665714367,-38.2710573567794,65.7203438486506
1600175049.7,-117.950576833313,-54.8608895483865,60.5744968855305,-58.9198268507594,-37.2236468190055,-139.170676284127,-86.2603885846603,-38.1619004840787,65.8371257943295
1600175049.8,-117.78483989069,-54.5889829031137,60.4935585387096,-59.1402764477881,-37.4281770039701,-139.24751263836,-86.1520646954418,-38.0533983338849,65.9347063998119
1600175049.9,-117.620022830377,-54.3175071932267,60.4289400259938,-59.3612234344535,-37.6326840521884,-139.329197821669,-86.0430717423771,-37.9445539482821,66.0215206611252
1600175050,-117.456328816096,-54.0468780442679,60.3882595459638,-59.5832865481082,-37.8372382157451,-139.422169876856,-85.9417298174667,-37.834113468285,66.0974581896116
1600175050.1,-117.293865797096,-53.777401636835,60.3764042646577,-59.8069531352127,-38.041888103074,-139.531384238877,-85.8351970397643,-37.7197058677746,66.1698060947442
1600175050.2,-117.132360799517,-53.5089463271351,60.3874595133425,-60.0321850580758,-38.2465957600709,-139.656081705075,-85.7305165104543,-37.6064317696187,66.2300252843159
1600175050.3,-116.971445606661,-53.2412710033305,60.4128362115775,-60.258812822149,-38.4513015952518,-139.79406488386,-85.6288149683709,-37.4939846294915,66.2903680220531
1600175050.4,-116.810752008924,-52.9741345541392,60.4439432331508,-60.4866669328841,-38.6559460170532,-139.943133259696,-85.5225898107941,-37.3816361785291,66.3426484630545
1600175050.5,-116.649911792447,-52.707295867803,60.4721620665571,-60.7155778943147,-38.8604694339116,-140.101101692329,-85.419452537004,-37.2726402052089,66.3917947876751
1600175050.6,-116.488556741951,-52.4405138329604,60.4888376201975,-60.9453762175651,-39.0648122543432,-140.265815501627,-85.315985187046,-37.1639531292547,66.4582193356104
1600175050.7,-116.326318644997,-52.173547338012,60.4852856554141,-61.1758924052508,-39.2689148868637,-140.435022600225,-85.2139172718322,-37.0563889732456,66.5422037025016
1600175050.8,-116.162829289143,-51.9061552713581,60.4528162916794,-61.4069569656596,-39.4727177399098,-140.605964126267,-85.1121598356882,-36.9476451171196,66.6184237548753
1600175050.9,-115.997720461947,-51.6380965215582,60.3827743872211,-61.6384004028253,-39.6761612218386,-140.775798526996,-85.0077099080222,-36.8366009707127,66.6895777655198
1600175051,-115.830623946714,-51.3691299769332,60.266596619901,-61.8700532250358,-39.8791857412456,-140.941742525249,-84.902468495272,-36.7253361653105,66.7541869970443
1600175051.1,-115.661266935502,-51.0990247917972,60.0985288275945,-62.1017846639571,-40.0817462877638,-141.101437237684,-84.7952998038618,-36.6076329032104,66.7763919891063
1600175051.2,-115.489758323452,-50.8275911925334,59.8835742425265,-62.3336188589483,-40.2838561749391,-141.254025735742,-84.6856764408406,-36.4922532364272,66.7564655015928
1600175051.3,-115.316302449914,-50.5546496765982,59.6294638832227,-62.5656186741646,-40.4855432972759,-141.398997743334,-84.5773206621986,-36.3741380899774,66.6766572345714
1600175051.4,-115.141103664163,-50.2800207410513,59.3439481141534,-62.7978469751793,-40.6868355494372,-141.536038426647,-84.4658152729525,-36.260800547137,66.5560383361418
1600175051.5,-114.96436630413,-50.003524883349,59.0347476928574,-63.0303666289839,-40.8877608260861,-141.665708481533,-84.3583193884269,-36.1489473045164,66.4039705905489
1600175051.6,-114.786294716254,-49.7249826003923,58.7095110207501,-63.2632404968973,-41.0883470215682,-141.788796289882,-84.2536322180278,-36.0348023938457,66.1954766574325
1600175051.7,-114.60709324272,-49.4442143896376,58.3757774118055,-63.496531445911,-41.2886220307053,-141.90609766197,-84.1540522777214,-35.918115925468,65.9626263352063
1600175051.8,-114.42696622713,-49.161040748224,58.0409470569896,-63.7303023401802,-41.4886137479223,-142.018415345286,-84.0488036566312,-35.7994497432468,65.7023602979211
1600175051.9,-114.246118013089,-48.8752821733697,57.7122585403031,-63.9646160452783,-41.6883500677236,-142.126374858843,-83.9453536943293,-35.6794268877127,65.4189127007696
1600175052,-114.064752944198,-48.5867591624519,57.3967739591931,-64.1995354267785,-41.8878588847722,-142.229858618192,-83.837278051092,-35.5569939554521,65.1164642846831
1600175052.1,-113.883041236834,-48.2953397724077,57.0999372115715,-64.4351020570761,-42.0871650721362,-142.32823005586,-83.7203531686796,-35.4338850519588,64.8049383311101
1600175052.2,-113.701016582859,-48.0010823157187,56.8213324711778,-64.671272367053,-42.2862814184879,-142.419613525105,-83.6053167167539,-35.3146881018486,64.499868532052
1600175052.3,-113.518678546908,-47.7040926717301,56.5591049028168,-64.9079814986673,-42.485217692413,-142.501816452235,-83.494839940457,-35.1986456847399,64.207493887931
1600175052.4,-113.336026690779,-47.4044767201041,56.311414734316,-65.1451645981314,-42.6839836621003,-142.572636616837,-83.3901464225212,-35.08762641283,63.9329155733554
1600175052.5,-113.153060574854,-47.1023403406619,56.0764402005553,-65.3827568116578,-42.8825890958177,-142.629865822959,-83.2924262750433,-34.9770317347984,63.6854466797241
1600175052.6,-112.969779760932,-46.7977894127485,55.8523796652656,-65.6206932797867,-43.0810437621509,-142.671560605422,-83.1982630115028,-34.8652451377019,63.4662213929909
1600175052.7,-112.786183812228,-46.4909298161849,55.6374533926629,-65.8589091515667,-43.2793574290505,-142.69684862269,-83.1040266761284,-34.7504635505053,63.26947027533
1600175052.8,-112.602272289124,-46.1818674305544,55.4299048218056,-66.097339570374,-43.477539865102,-142.705134311116,-83.0111695742781,-34.6326010394552,63.0932199326544
1600175052.9,-112.418044753418,-45.8707081355192,55.2280018189769,-66.3359196781669,-43.6756008385737,-142.695831844642,-82.908788708199,-34.5105023004964,62.9171354238313
1600175053,-112.233500768328,-45.5575578106624,55.0300373123319,-66.5745846239941,-43.8735501177335,-142.668363683313,-82.7965680865616,-34.3896677681204,62.7759773289057
1600175053.1,-112.048671545411,-45.2425267236431,54.8348701698431,-66.8132789449055,-44.0714004956993,-142.622252967532,-82.6845317235934,-34.273051062517,62.6458410577339
1600175053.2,-111.863714942067,-44.9257426981563,54.6435235757372,-67.0519847668275,-44.2691768634794,-142.557407482198,-82.5779096308295,-34.1573470796121,62.5278773523746
1600175053.3,-111.67882047396,-44.6073379480367,54.4575232099149,-67.2906936036877,-44.4669071366143,-142.473840530648,-82.4778948062555,-34.0449138998351,62.4260972573777
1600175053.4,-111.494177662429,-44.2874446867222,54.2783527237251,-67.5293969750861,-44.6646192308034,-142.372915219615,-82.3832141971941,-33.9331399191521,62.3520786012687
1600175053.5,-111.309976027397,-43.9661951279685,54.1074559060294,-67.7680863992047,-44.8623410615078,-142.261334365933,-82.2896684358175,-33.8218814742296,62.279530319592
1600175053.6,-111.126405087364,-43.6437214854515,53.9462397629733,-68.0067533928074,-45.0601005443475,-142.147103636567,-82.1920900273048,-33.7112922070315,62.22951070484
1600175053.7,-110.943654360834,-43.3201559729267,53.796078038208,-68.2453894726578,-45.2579255949422,-142.038188010173,-82.0902682606621,-33.5984547414256,62.1910449716742
1600175053.8,-110.761913369145,-42.9956308039115,53.6583151461286,-68.4839861569381,-45.4558441288327,-141.942515750066,-81.9815089965041,-33.4847222587917,62.1695228456295
1600175053.9,-110.581371630801,-42.6702781921614,53.5342709050186,-68.7225349638302,-45.6538840615593,-141.86799168604,-81.8727668519761,-33.3685003894677,62.1620433494418
1600175054,-110.40221866714,-42.3442303513525,53.4252453318973,-68.9610274115159,-45.8520733088215,-141.819806928726,-81.7634985454312,-33.2543801112583,62.1759360053706
1600175054.1,-110.224570289509,-42.0176088855233,53.331496123179,-69.1994557910565,-46.0504326743296,-141.792501267521,-81.657671836183,-33.1393140189471,62.2034132749786
1600175054.2,-110.048247483474,-41.6904929578603,53.249187868793,-69.4378154977934,-46.2489545198718,-141.778620064314,-81.5574201744602,-33.0256782448187,62.2486720021083
1600175054.3,-109.87299751468,-41.3629511208804,53.1735233353137,-69.6761027042017,-46.4476240983433,-141.770885358756,-81.4560277443721,-32.9173191205214,62.3054113798689
1600175054.4,-109.69856765303,-41.0350519270212,53.0997697450225,-69.9143135756656,-46.6464266624804,-141.762012545793,-81.3594711545616,-32.8076312217814,62.3820976064415
1600175054.5,-109.524705167006,-40.7068639287203,53.0232486072028,-70.152444283242,-46.8453474651785,-141.744713726171,-81.2599107844089,-32.6990502961821,62.4769928992767
1600175054.6,-109.351157325091,-40.3784556784152,52.9393255775178,-70.3904909965699,-47.0443717592532,-141.713612291364,-81.1586261560868,-32.5926350939886,62.5867129988504
1600175054.7,-109.177671395768,-40.0498957285435,52.8433998324787,-70.6284498852878,-47.243484797441,-141.670947583212,-81.0570931045177,-32.486026999499,62.7242622372478
1600175054.8,-109.003994648937,-39.7212526316222,52.7308935355089,-70.8663171204528,-47.4426718324783,-141.620857946091,-80.958280034864,-32.3772172996067,62.8798833609905
1600175054.9,-108.829874351665,-39.3925949400095,52.5972411003496,-71.1040888717035,-47.6419181173397,-141.567465529823,-80.8591365160749,-32.2681293753802,63.0429041286916
1600175055,-108.655057772433,-39.0639912062223,52.4378785166146,-71.3417613058425,-47.8412089047616,-141.514867688481,-80.7592417345399,-32.155948046471,63.2146170606784
1600175055.1,-108.479340330812,-38.7354809664473,52.250351178424,-71.5793349149598,-48.040529986087,-141.467199278414,-80.6570168454218,-32.0425896476074,63.4010498206576
1600175055.2,-108.302710067736,-38.4069876698791,52.0406624200947,-71.8168274625153,-48.239869307403,-141.428830698398,-80.5533670902866,-31.9277210029263,63.5830740567727
1600175055.3,-108.125203196497,-38.0784057377923,51.8169283904476,-72.0542610344201,-48.4392153531651,-141.404184719798,-80.4504545229863,-31.813951268163,63.7428705777881
1600175055.4,-107.946855926136,-37.7496295917792,51.5872782555574,-72.2916577165851,-48.6385566078288,-141.396492502929,-80.3440807740543,-31.6992596273987,63.8879854798076
1600175055.5,-107.767704471361,-37.4205536533523,51.3598644822193,-72.5290395935035,-48.8378815558497,-141.404225129323,-80.2349382298548,-31.5840471223596,63.9894293407582
1600175055.6,-107.587785039795,-37.0910723439451,51.1428628469328,-72.7664287482501,-49.0371786818419,-141.424676329521,-80.1265229664544,-31.4726247447131,64.0901660666003
1600175055.7,-107.407133843312,-36.7610800851498,50.9444627096554,-73.003847268154,-49.2364364702611,-141.455143352941,-80.0256345514927,-31.3623995196257,64.1895084797169
1600175055.8,-107.225787095206,-36.430471298479,50.7728485219715,-73.2413172362902,-49.4356434055628,-141.492915933308,-79.927011987358,-31.2554819477259,64.29043406429
1600175055.9,-107.043781004514,-36.0991404054456,50.6361727265938,-73.4788607385697,-49.6347879722818,-141.535269300186,-79.8357606336334,-31.1469399672353,64.3921377810591
1600175056,-106.861151781694,-35.7669818275622,50.5425209589062,-73.7164998594855,-49.8338586548737,-141.579780429685,-79.7407722839056,-31.036505112006,64.5132077584983
1600175056.1,-106.677910269745,-35.4339540523488,50.4967530358206,-73.9542538061508,-50.0328440717907,-141.62523912197,-79.6526884985282,-30.9248712539035,64.6493607002472
1600175056.2,-106.493965830493,-35.1002718400066,50.4911682834303,-74.1921302804136,-50.2317333767578,-141.670542963713,-79.5544173165025,-30.8091151830946,64.7805106811627
1600175056.3,-106.309202451217,-34.7662140211099,50.5149640070701,-74.4301341067424,-50.4305158572583,-141.714543274286,-79.451191967094,-30.6939757838426,64.9269009347835
1600175056.4,-106.123504123449,-34.4320594257568,50.5574116276166,-74.6682701096054,-50.6291808008551,-141.756099645859,-79.3470426199708,-30.5795439144402,65.0889787697593
1600175056.5,-105.936754835885,-34.0980868842835,50.6078907609895,-74.9065431134709,-50.827717495111,-141.794079155295,-79.242585685339,-30.4669888558042,65.2651011888231
1600175056.6,-105.74883857864,-33.7645752273437,50.6559100728514,-75.1449579442255,-51.0261152274302,-141.827869929905,-79.1435022781205,-30.3531544726877,65.4640138298434
1600175056.7,-105.55963934041,-33.4318032850355,50.6911141269568,-75.3835194249192,-51.2243632856929,-141.858921574991,-79.0439434083462,-30.2398078114793,65.6698474913793
1600175056.8,-105.369041112728,-33.1000498877745,50.7032775782817,-75.6222323814385,-51.4224509571445,-141.889196061825,-78.9447456561234,-30.1286093927365,65.873812665093
1600175056.9,-105.176927882872,-32.7695938659763,50.6822863305843,-75.8611016396699,-51.6203675293479,-141.920653528553,-78.8448105785074,-30.0189186947504,66.0731168010502
1600175057,-104.983183642374,-32.4407140498183,50.6181069168712,-76.1001320226636,-51.8181022899452,-141.955252583509,-78.7438486832912,-29.9107379117972,66.2685568817459
1600175057.1,-104.787745586641,-32.113599982154,50.5036525974669,-76.3393297318892,-52.0156463777661,-141.994932894093,-78.6488367416014,-29.7998238427391,66.439631959884
1600175057.2,-104.590763777625,-31.7880839933536,50.343441546479,-76.5787064683133,-52.2129983363103,-142.041560854444,-78.5540633444854,-29.6930111063908,66.585144002489
1600175057.3,-104.392441503844,-31.4639090959806,50.1448320506651,-76.8182753127401,-52.4101585602649,-142.09697898113,-78.4624524629298,-29.5830055789832,66.6910492741739
1600175057.4,-104.192982046722,-31.1408183022017,49.9151458752774,-77.0580493403011,-52.6071274439201,-142.163019287881,-78.371319142758,-29.4686789237049,66.7706245099122
1600175057.5,-103.992588697613,-30.8185546243421,49.6616994614565,-77.2980416318006,-52.8039053822013,-142.241498385586,-78.2698476293953,-29.3526939649281,66.793802158138
1600175057.6,-103.791464739361,-30.496861074886,49.3918230374584,-77.5382652623702,-53.0004927693985,-142.334211448489,-78.1659442323055,-29.2322460725643,66.7730745787812
1600175057.7,-103.589813460482,-30.1754806660795,49.1128690449132,-77.7787333128141,-53.1968900001196,-142.442924893011,-78.0573759487391,-29.114937440668,66.7270848227916
1600175057.8,-103.387838146657,-29.8541564102479,48.8322094706029,-78.0194588582639,-53.3930974688929,-142.560425256155,-77.9517711607791,-28.9977630598653,66.6443192453723
1600175057.9,-103.185742086401,-29.532631319796,48.5572230890459,-78.2604549795237,-53.5891155704849,-142.653574825964,-77.8473669166588,-28.8835988403259,66.5555572925927
1600175058,-102.98372856256,-29.2106484068905,48.295273285912,-78.5017347531434,-53.7849446992652,-142.719244645773,-77.7474359870645,-28.7689283753354,66.46122578564
1600175058.1,-102.781953618746,-28.8880222023219,48.0519144214243,-78.7433006183015,-53.9805885645148,-142.763628321487,-77.6464647194464,-28.653049468083,66.3545999053262
1600175058.2,-102.580384318957,-28.5648533110593,47.8255736403029,-78.9851124703644,-54.1760641308736,-142.791807975013,-77.551008162301,-28.5378390467411,66.263000203039
1600175058.3,-102.378940482288,-28.2413138580454,47.6128469454823,-79.2271195729994,-54.3713916761467,-142.808579930338,-77.4585165543422,-28.4266949391529,66.1823116020125
1600175058.4,-102.177541925,-27.9175759679846,47.4102855143553,-79.469271187038,-54.5665914782183,-142.818219146866,-77.367512010036,-28.3129945084949,66.1032923073611
1600175058.5,-101.976108466185,-27.5938117651845,47.2144137654831,-79.7115165733115,-54.7616838147346,-142.822924275229,-77.2798993945437,-28.2011401353958,66.0430791622325
1600175058.6,-101.774559926359,-27.2701933745877,47.0217408419398,-79.9538049954874,-54.9566889635006,-142.824382572507,-77.1930926723068,-28.0870442987341,65.9980950142592
1600175058.7,-101.572816120361,-26.9468929207399,46.8287655190611,-80.1960857143969,-55.1516272022418,-142.824286180805,-77.1050270077572,-27.9717088799335,65.9760298030261
1600175058.8,-101.370796870122,-26.6240825283456,46.6319753921792,-80.4383079922897,-55.3465188088426,-142.824327912127,-77.012352545075,-27.8564824743189,65.9612650719567
1600175058.9,-101.168421991902,-26.3019343219504,46.4278398818882,-80.6804210928331,-55.5413840610286,-142.826198850848,-76.9191829234699,-27.7395293790735,65.952978155479
1600175059,-100.965611304795,-25.9806204263382,46.2127977529968,-80.9223742754404,-55.7362432365253,-142.830707079118,-76.8208785033819,-27.6258166094419,65.9635268419142
1600175059.1,-100.762317528446,-25.6602541607696,45.9843638280728,-81.1641331874013,-55.9311089527782,-142.835596410467,-76.7243866411456,-27.514820145637,65.994489303767
1600175059.2,-100.558625007379,-25.3407135884369,45.7445149683423,-81.4057290119121,-56.1259631888116,-142.839558658372,-76.6226097213537,-27.399867702736,66.0387487806182
1600175059.3,-100.354650998014,-25.0218179501007,45.496369111231,-81.6472093115368,-56.3207802650367,-142.84174297514,-76.5270813686887,-27.2900311006223,66.0782858812169
1600175059.4,-100.150512753934,-24.7033864862041,45.2430834356233,-81.8886216516757,-56.515534501706,-142.841298493074,-76.4288881538716,-27.1817912970208,66.149457933038
1600175059.5,-99.9463275329765,-24.3852384375871,44.9878663657323,-82.1300135934747,-56.7102002190719,-142.837373420932,-76.3344497594969,-27.0734018994592,66.2411614617963
1600175059.6,-99.7422125901427,-24.0671930448516,44.7339845122614,-82.3714327037522,-56.9047517373076,-142.829432711195,-76.2405954803203,-26.964291313111,66.340672102525
1600175059.7,-99.5382851790154,-23.7490695485996,44.4847643216397,-82.6129265422361,-57.0991633769035,-142.818214359062,-76.1466209964382,-26.8566623942005,66.4710295916725
1600175059.8,-99.3346625574321,-23.4306871893534,44.2435888299089,-82.8545426757447,-57.2934094579534,-142.804775363117,-76.0578375497047,-26.7491689876836,66.6197976223489
1600175059.9,-99.1314619803938,-23.1118652078737,44.0138891811837,-83.0963286682603,-57.4874643008686,-142.79017461989,-75.9668383049394,-26.642603461216,66.7805829565095
1600175060,-98.9288007043198,-22.7924228447625,43.79913100633,-83.3383320809287,-57.681302225822,-142.775473871034,-75.8812284833738,-26.5342574723315,66.9681918641766
1600175060.1,-98.7267770394517,-22.4722343102495,43.6022265174853,-83.5805868240046,-57.8749114493551,-142.761186637957,-75.7949926140106,-26.4229517040104,67.161113156353
1600175060.2,-98.5254135013929,-22.1513937553916,43.4237724738738,-83.8230721843239,-58.0683357740383,-142.74562252057,-75.7117824719244,-26.3107363298442,67.3751734429816
1600175060.3,-98.3247136524788,-21.8300503330232,43.2637026896748,-84.0657537964132,-58.2616329000009,-142.727363953296,-75.6192476763236,-26.2001479224321,67.5968048006731
1600175060.4,-98.1246810536265,-21.5083531950261,43.1218687107546,-84.3085972891265,-58.4548605270547,-142.708288752713,-75.5320495524315,-26.0838976933461,67.8111668109199
1600175060.5,-97.9253192643348,-21.1864514939173,42.9980598094123,-84.5515682955722,-58.6480763552499,-142.691097519567,-75.4398384968068,-25.9689518169211,67.9940805253268
1600175060.6,-97.7266318483572,-20.8644943818961,42.8920224189163,-84.7946324474406,-58.8413380844776,-142.678488513283,-75.3484763405593,-25.8513872278868,68.156618539062
1600175060.7,-97.5286223637744,-20.5426310114796,42.8034784748317,-85.03775537784,-59.0347034145497,-142.673157662973,-75.2561995107826,-25.7333885184242,68.2885094484144
1600175060.8,-97.3312943729218,-20.2210105351051,42.7321431289364,-85.2809027170428,-59.2282300456749,-142.67779994561,-75.1606095830399,-25.6174095114689,68.3745690410272
1600175060.9,-97.1346514367163,-19.899782104734,42.6777412703105,-85.5240400981571,-59.4219756774271,-142.693638046759,-75.0642050618322,-25.499334100137,68.3975840073336
1600175061,-96.9386971160751,-19.5790948728832,42.6400235076885,-85.7671331514553,-59.6159980100943,-142.716001700477,-74.9666152076158,-25.3813945247595,68.36211420773
1600175061.1,-96.743421834386,-19.2590499146218,42.6187495458067,-86.0101561365128,-59.8103373053351,-142.73929035517,-74.8712798790636,-25.2647516807396,68.2846328056703
1600175061.2,-96.5487634507386,-18.9395559718099,42.6136082656425,-86.2531178116823,-60.0049640806882,-142.760080613312,-74.7784297203633,-25.1425176132359,68.1405939756386
1600175061.3,-96.3546466866933,-18.6204736971907,42.6243169306261,-86.4960355603656,-60.1998314202229,-142.775491856761,-74.6881219657059,-25.0265510561507,67.9599309570657
1600175061.4,-96.1609962609743,-18.3016637435073,42.6506391589621,-86.7389267673825,-60.39489240777,-142.782642570745,-74.6005557357322,-24.9089727426895,67.7426392647463
1600175061.5,-95.9677368937236,-17.9829867635824,42.6923699299146,-86.9818088132985,-60.5901001273192,-142.778652229135,-74.5140109486571,-24.7895618174657,67.485319111175
1600175061.6,-95.7747933022473,-17.6643034100796,42.7493208749296,-87.2246990829335,-60.7854076625427,-142.76170206425,-74.4261531999726,-24.6718570962457,67.2017878472449
1600175061.7,-95.5820902081059,-17.3454743357421,42.8213059712302,-87.4676149611071,-60.9807680975095,-142.734207738976,-74.3359328685951,-24.5522216951035,66.8951390182442
1600175061.8,-95.3895523300233,-17.0263601933132,42.9081273019527,-87.7105738269669,-61.1761345159711,-142.699642828464,-74.2463266415489,-24.4310226679014,66.5848013771766
1600175061.9,-95.1971043853055,-16.7068216356153,43.0095609613518,-87.9535930681689,-61.3714600019172,-142.661478350015,-74.1558364306617,-24.3090660924334,66.2662611108945
1600175062,-95.0046710983492,-16.3867193153123,43.1253432415971,-88.1966900652785,-61.5666976392582,-142.623180602918,-74.0633388382066,-24.1900983041588,65.9635377103336
1600175062.1,-94.8121925532854,-16.0659506809099,43.254404941751,-88.4398759449208,-61.7618146565795,-142.587781584764,-73.9698860662587,-24.067803188909,65.6650011262927
1600175062.2,-94.6196703355801,-15.7445604027026,43.3926055683339,-88.6831368066142,-61.9568348628337,-142.556594352866,-73.8733274896522,-23.9472055723194,65.3662242138493
1600175062.3,-94.4271214074513,-15.422629966117,43.5349939112657,-88.9264524916822,-62.1517962122046,-142.530170245112,-73.7764584892829,-23.8284827859956,65.0785994490066
1600175062.4,-94.2345627296989,-15.1002408564206,43.6765714587693,-89.1698028414485,-62.3467366586377,-142.507735113836,-73.6797917237617,-23.7070365980502,64.7969220701908
1600175062.5,-94.0420112631226,-14.7774745591191,43.81230574818,-89.4131676958186,-62.5416941563163,-142.488184901692,-73.5860467538202,-23.5887942249373,64.5294240895764
1600175062.6,-93.8494839713586,-14.4544125595596,43.937145873731,-89.6565268989523,-62.7367066594243,-142.470416798298,-73.4946704645182,-23.4691454227702,64.2613252349047
1600175062.7,-93.6569978123705,-14.1311363430891,44.0460398257614,-89.899860290755,-62.931812121907,-142.453329292682,-73.4032694345712,-23.3502402902029,64.0105429352259
1600175062.8,-93.4645697497944,-13.8077273949751,44.1339536505052,-90.1431477139685,-63.1270484979479,-142.435821924148,-73.3176098551809,-23.2293940930443,63.7780245002646
1600175062.9,-93.2722167444301,-13.4842672007235,44.195891923603,-90.3863690084983,-63.3224537418102,-142.416651601533,-73.2252720700481,-23.111122769647,63.5608266400734
1600175063,-93.0799557584955,-13.1608372456813,44.2269197878153,-90.629504015668,-63.5180658073598,-142.394000923259,-73.1348952582744,-22.9903648224487,63.35914172314
1600175063.1,-92.8877928856829,-12.8375078809225,44.2239990060487,-90.872531940062,-63.7139174189379,-142.366016366133,-73.0419152828035,-22.8701180266657,63.1680526232056
1600175063.2,-92.695690752671,-12.5143049155874,44.1914206850289,-91.1154294308,-63.9100203836588,-142.331271097401,-72.9498424931506,-22.7473112379847,62.9874306397872
1600175063.3,-92.5036011133587,-12.1912430222409,44.1353016713514,-91.3581725002625,-64.1063812804615,-142.288442410207,-72.8556772598317,-22.6285876881653,62.8314711939293
1600175063.4,-92.311475725899,-11.8683368736865,44.0617240822089,-91.6007371608299,-64.3030066883644,-142.236203095368,-72.7603723997397,-22.5076518451938,62.6955856451709
1600175063.5,-92.1192663456088,-11.54560114241,43.976705386369,-91.8430994234645,-64.4999031860684,-142.173219002192,-72.6643597155522,-22.3891198264285,62.5803000476588
1600175063.6,-91.9269247292231,-11.2230505012145,43.8861822974216,-92.0852353005469,-64.6970773525916,-142.098637545356,-72.5672656456526,-22.2684817658401,62.4669133867218
1600175063.7,-91.7344026334767,-10.9006996225859,43.7960075845303,-92.3271208030395,-64.8945357666349,-142.013563014909,-72.4712091271571,-22.1469338828525,62.3909080822734
1600175063.8,-91.5416518122685,-10.5785631793276,43.7119596385848,-92.5687319447408,-65.0922850072168,-141.919590881762,-72.3729142865174,-22.0294154380771,62.3298967885425
1600175063.9,-91.3486240251695,-10.2566558440046,43.6397646404918,-92.810044733777,-65.2903316533554,-141.818320093824,-72.273116019875,-21.9100982901003,62.299971653966
1600175064,-91.1552710260786,-9.93499228910265,43.5851308740103,-93.0510351867829,-65.4886822835929,-141.711355650758,-72.1747697395118,-21.7940921915099,62.3019707145848
1600175064.1,-90.9615258467807,-9.61357804397251,43.5522173219936,-93.2916857686173,-65.6873470334184,-141.600345080588,-72.0740363428572,-21.6771885501162,62.319199225732
1600175064.2,-90.7672465866443,-9.29238205534274,43.5389418553503,-93.5320047682328,-65.8863502629335,-141.487087474844,-71.9762581145667,-21.5558642071336,62.3672740747477
1600175064.3,-90.572272611579,-8.97136412180575,43.5417070578218,-93.7720069270605,-66.085719888949,-141.372629227962,-71.879498172424,-21.4370482653617,62.432948813826
1600175064.4,-90.3764432903309,-8.65048404243024,43.5569391225525,-94.0117069922039,-66.2854838280373,-141.254802772716,-71.7807553085693,-21.3221282634082,62.5247692319203
1600175064.5,-90.1795979873915,-8.32970161588803,43.5810550116004,-94.2511197036757,-66.485669996771,-141.130633361057,-71.6872977320069,-21.204713685248,62.6467331523529
1600175064.6,-89.9815760672524,-8.00897664108904,43.6104395551836,-94.4902598071613,-66.6863063118019,-140.997145475503,-71.5922610865434,-21.0877977511604,62.7845364373514
1600175064.7,-89.7822169000777,-7.68826891678446,43.6414327598436,-94.7291420440917,-66.8874206896231,-140.851364568847,-71.4946299818466,-20.9700886528984,62.9448869423137
1600175064.8,-89.5813598475227,-7.36753824196361,43.6703271728539,-94.9677811587341,-67.0890410471248,-140.690318971602,-71.4001620961012,-20.8549369879423,63.1201655513138
1600175064.9,-89.3788442783334,-7.04674441521891,43.6933764955574,-95.2061918967739,-67.2911953005617,-140.512491211272,-71.3080394706266,-20.7392893389238,63.3099924328665
1600175065,-89.1745095570014,-6.72584723561906,43.7068146648518,-95.4443889982239,-67.4939113666653,-140.322162668481,-71.211097360134,-20.6246964017719,63.5141505029112
1600175065.1,-88.9682622360429,-6.40485017223523,43.7076007310985,-95.682382215544,-67.6972074354949,-140.125181492065,-71.1172342914057,-20.5079487691946,63.7315793438107
1600175065.2,-88.760277632836,-6.08393138923102,43.6955929349342,-95.9201613297105,-67.9010627967724,-139.927865846848,-71.0189089893964,-20.3895168490209,63.9458795103887
1600175065.3,-88.5507982570378,-5.76331272767874,43.6714054010953,-96.1577111313105,-68.1054470171204,-139.736622708684,-70.9223873776903,-20.27218022633,64.1465132806839
1600175065.4,-88.3400666211415,-5.44321602896819,43.6356753056976,-96.3950164095129,-68.310329662923,-139.557825906735,-70.8219123240816,-20.152290064971,64.3331411823111
1600175065.5,-88.1283252376406,-5.12386313393354,43.5890449765752,-96.6320619563231,-68.515680300882,-139.396049334148,-70.7198846794224,-20.0290678425346,64.4901633764765
1600175065.6,-87.9158166190284,-4.80547588388522,43.532145656081,-96.8688325594917,-68.7214684973021,-139.248792777366,-70.6181092585908,-19.906549429474,64.6124838802014
1600175065.7,-87.7027832763801,-4.48827611989553,43.4655831131276,-97.1053130124423,-68.9276638188852,-139.11186437941,-70.5167968619224,-19.7879220419327,64.7237998038384
1600175065.8,-87.4894677207709,-4.17248568311614,43.3899250560344,-97.3414881000893,-69.1342358320155,-138.981149886016,-70.4142526105865,-19.6693510220151,64.8249886325128
1600175065.9,-87.2761124675305,-3.85832641477813,43.305690051229,-97.5773426186923,-69.3411541033946,-138.852611180347,-70.3124610883401,-19.5459370189476,64.912618748047
1600175066,-87.0629600248977,-3.54602015579501,43.213337788508,-97.8128613545842,-69.5483881993274,-138.723410848183,-70.2137420135672,-19.4254787623953,64.979932744742
1600175066.1,-86.8501896710796,-3.23570258645322,43.1130264233711,-98.0480213071618,-69.7559106159483,-138.594979308136,-70.1162473709846,-19.3063851556938,65.0586521418335
1600175066.2,-86.6377276889945,-2.92716466760966,43.0039406980465,-98.2827682997164,-69.9637055665662,-138.468895467015,-70.0218147129339,-19.182438846156,65.132941598913
1600175066.3,-86.4254370974935,-2.62011116226397,42.8850622440576,-98.5170403671853,-70.1717601941609,-138.346379785739,-69.9265898422997,-19.0643603017767,65.2112924881197
1600175066.4,-86.2131809196823,-2.31424683325706,42.7554229890775,-98.7507755430878,-70.3800616413946,-138.228512517621,-69.8344235612012,-18.9436995316756,65.2907622933748
1600175066.5,-86.0008221744121,-2.00927644342981,42.6141182780484,-98.983911859525,-70.5885970509294,-138.116249373501,-69.7402462156589,-18.8245982277814,65.3767567634701
1600175066.6,-85.7882238819523,-1.70490475578187,42.4603230954786,-99.2163873500162,-70.7973535655863,-138.010441548687,-69.6473297467546,-18.7064624893328,65.4768122319596
1600175066.7,-85.5752490625723,-1.40083653315414,42.2933106625617,-99.4481400480805,-71.0063183279481,-137.910920086415,-69.5508337450054,-18.5853114673409,65.5792031978679
1600175066.8,-85.3617607351231,-1.09677653830812,42.1124731874685,-99.6791079886553,-71.2154784809152,-137.813765463005,-69.4539284249836,-18.4668705945488,65.6973023749174
1600175066.9,-85.1476219227106,-0.792429534322853,41.9173440690482,-99.9092292038418,-71.4248211672292,-137.714224970672,-69.3551158814549,-18.3470606646988,65.83165376476
1600175067,-84.9326956441859,-0.487500283959845,41.7076204184423,-100.138441724323,-71.6343335296316,-137.607640496705,-69.2600285847466,-18.2288129695809,65.9904845613815
1600175067.1,-84.7169093595127,-0.181760406422531,41.4847931454938,-100.366715762339,-71.8440153629994,-137.489808392762,-69.1613362700316,-18.1076141347213,66.1585705186083
1600175067.2,-84.5004483016137,0.124751039823008,41.2568279013623,-100.594150191129,-72.053917061305,-137.358107392982,-69.0676892983437,-17.9875726584014,66.3380473103437
1600175067.3,-84.2835621473601,0.43192813288315,41.0330341643519,-100.820876051307,-72.2641016658136,-137.210546472327,-68.9708561822619,-17.866026370118,66.5244880860199
1600175067.4,-84.0665005750415,0.739664950943657,40.8223732780565,-101.047024382068,-72.4746322177114,-137.04730592936,-68.875937723509,-17.745928455445,66.6980064891442
1600175067.5,-83.8495132629472,1.04785557234905,40.6334539163479,-101.272726221192,-72.6855717581049,-136.875941423913,-68.7814889016459,-17.6260734895083,66.8647035971647
1600175067.6,-83.632849890785,1.35639407520572,40.4745693051906,-101.498112607874,-72.8969833284183,-136.705478328096,-68.6858148435144,-17.5006473816605,66.9942060593299
1600175067.7,-83.4167601368442,1.6651745377788,40.3537730801818,-101.72331458273,-73.1089299695995,-136.544468773146,-68.5909081027456,-17.3731202847309,67.0803662211001
1600175067.8,-83.201493676578,1.97409103817467,40.2789907730141,-101.948463182118,-73.3214747229933,-136.401009726926,-68.4931263192105,-17.2471215635066,67.1248445109384
1600175067.9,-82.9873001925304,2.28303765449971,40.2581655908903,-102.173689445236,-73.5346806297857,-136.282861197175,-68.394254317868,-17.1135430602169,67.1081314744195
1600175068,-82.7744293601545,2.59190846517783,40.2994380435457,-102.399124412698,-73.7486107311627,-136.194903628785,-68.2963863235516,-16.983479379654,67.0348758466209
1600175068.1,-82.5630950755574,2.90059901481779,40.4084582049738,-102.624858369564,-73.9633138586213,-136.130686902637,-68.1959148478775,-16.8535276957688,66.9181941259112
1600175068.2,-82.3533680876808,3.20901071514925,40.5797870892127,-102.850818597114,-74.1787820079989,-136.079225435505,-68.0938046611318,-16.7219471441697,66.7598908366767
1600175068.3,-82.1452833448485,3.51704644519809,40.8054346318835,-103.076891629582,-74.3949929668727,-136.029086846948,-67.9919498294382,-16.5911736932011,66.5687138523226
1600175068.4,-81.9388757982203,3.82460908359325,41.0775799224375,-103.302964001203,-74.6119245229787,-135.96883397771,-67.8896501057543,-16.4587024224723,66.350473616515
1600175068.5,-81.7341804003744,4.13160150943999,41.3884196564113,-103.528922246211,-74.8295544640528,-135.887107472458,-67.785539301907,-16.3271147461039,66.1191559961176
1600175068.6,-81.5312320996344,4.43792660152603,41.7300372094844,-103.754652897422,-75.0478605776723,-135.775456184012,-67.6822836896666,-16.1951126160296,65.8801771606032
1600175068.7,-81.3300658471603,4.74348723871847,42.0942911066662,-103.98004249049,-75.266820651732,-135.636208258007,-67.5804262032392,-16.0641552874601,65.6504425678757
1600175068.8,-81.130716594112,5.04818629988441,42.4727219024931,-104.20497755823,-75.4864124735708,-135.474318064199,-67.475178597528,-15.9318293463716,65.4249658263978
1600175068.9,-80.9332192916494,5.35192666389096,42.8564780727039,-104.429344633459,-75.7066138311631,-135.294542790666,-67.3717730637293,-15.8033577026732,65.217013237015
1600175069,-80.7376088909326,5.65461120952584,43.2362614412711,-104.653030250411,-75.9274025120859,-135.101305486793,-67.2658405423473,-15.6742885132319,65.0088669433064
1600175069.1,-80.5437935781601,5.95618276828066,43.6038190798441,-104.875942789568,-76.1487443940024,-134.899284043168,-67.1654035597781,-15.5439276964552,64.8184943513681
1600175069.2,-80.3511744853579,6.25674398595543,43.9566095838675,-105.09807798804,-76.3705577254773,-134.695383565425,-67.061510839767,-15.4120276913559,64.6268404878335
1600175069.3,-80.1590259682456,6.55643746319735,44.2934079641757,-105.319453420676,-76.5927488500828,-134.496701457224,-66.9642198246333,-15.2832832807538,64.4456697026084
1600175069.4,-79.9666223867972,6.85540580057427,44.6128173191823,-105.540086662325,-76.8152241116295,-134.30888612675,-66.8669095229714,-15.1529932420467,64.2721607163081
1600175069.5,-79.7732381009867,7.15379159865399,44.913284382893,-105.759995286418,-77.0378898537688,-134.133326989215,-66.7742403413944,-15.0245827708035,64.1139640324871
1600175069.6,-79.57814746937,7.45173745832189,45.1931200356466,-105.979196867803,-77.2606524201525,-133.970702317063,-66.6785699618845,-14.8963418294272,63.9488426856874
1600175069.7,-79.3806248490847,7.74938597990764,45.4505247448335,-106.197708979911,-77.4834181545909,-133.822042027948,-66.584469481666,-14.7685589195172,63.7906767648625
1600175069.8,-79.1799446015231,8.04687976413784,45.6836201372992,-106.415549197591,-77.706093400577,-133.688682009453,-66.4874859462633,-14.6404089457427,63.6431141918128
1600175069.9,-78.975381085241,8.3443614116597,45.8904860533915,-106.632735095693,-77.9285845020799,-133.572210740544,-66.3881019698471,-14.5140275839282,63.4960100533907
1600175070,-78.7662086573761,8.64197352319981,46.0692039350428,-106.849284247646,-78.1507978025925,-133.473391481388,-66.2856562074367,-14.3859375348039,63.343936490513
1600175070.1,-78.5519547752962,8.93984816137039,46.2188277574257,-107.065221101961,-78.3726783144672,-133.388353826094,-66.180263934328,-14.2596691037547,63.2094085377213
1600175070.2,-78.3331594504474,9.2380752310076,46.3422515541962,-107.280597601798,-78.5943257117606,-133.309633315349,-66.0736153452778,-14.1337772285095,63.0866643190074
1600175070.3,-78.1106158781753,9.53673409541981,46.4435217475186,-107.495472563976,-78.815878330721,-133.229057209859,-65.9681168700504,-14.0090491503956,62.9716980035538
1600175070.4,-77.8851172509891,9.835904117836,46.5268656140315,-107.709904803899,-79.0374745077554,-133.138383765277,-65.8638702550091,-13.8866376669827,62.8812532242746
1600175070.5,-77.6574567642345,10.1356646615645,46.5966331328134,-107.923953136967,-79.2592525793499,-133.02930021654,-65.7619398172885,-13.7640165527135,62.8263195100848
1600175070.6,-77.4284276104207,10.4360950901519,46.657248352856,-108.137676382839,-79.4813508818322,-132.895801019483,-65.6623296595304,-13.6413835054301,62.803086858121
1600175070.7,-77.1988229834753,10.7372747669065,46.7131718959063,-108.351133354081,-79.7039077514503,-132.741429051987,-65.5668781353179,-13.5183662965187,62.8145309807106
1600175070.8,-76.9694360787438,11.0392830548985,46.7688747024797,-108.56438286893,-79.9270615246906,-132.572175745174,-65.473804028826,-13.3926867929508,62.8616332714576
1600175070.9,-76.7410600901536,11.3421993178333,46.8288231224547,-108.77748374279,-80.1509505378012,-132.394117260906,-65.3826374677555,-13.2671152510754,62.922010025044
1600175071,-76.5144882102142,11.6461029187015,46.8974756657625,-108.990494793899,-80.3757131274272,-132.213429014004,-65.2899076413922,-13.1406107521184,63.02577381955
1600175071.1,-76.2903286778832,11.95099580768,46.9780291281948,-109.20346275238,-80.6014543456741,-132.036769608681,-65.1986533478902,-13.0134783009515,63.164642276622
1600175071.2,-76.0684498938041,12.2565702801961,47.0686590180129,-109.416386032768,-80.8281461417344,-131.872396438074,-65.1093671396546,-12.8839538081637,63.3429624226493
1600175071.3,-75.848535305069,12.5624412173545,47.1663290770065,-109.629250971407,-81.0557271969314,-131.728963258593,-65.0107117217699,-12.7545018348477,63.5414037408078
1600175071.4,-75.6302683559336,12.8682235005778,47.268052222818,-109.842043907481,-81.2841361925882,-131.615112596395,-64.9132794044542,-12.6260111355091,63.7813539995195
1600175071.5,-75.4133324906534,13.1735320110501,47.3708840074538,-110.05475117308,-81.513311810028,-131.535317200829,-64.8043693806247,-12.4961981925613,64.0437183643729
1600175071.6,-75.1974111534843,13.4779816301939,47.471913138195,-110.267359107386,-81.7431927304153,-131.477463178584,-64.6995263679867,-12.3659182981547,64.3241704835266
1600175071.7,-74.9821877901001,13.7811872390348,47.5682493267409,-110.479854045326,-81.9737176352321,-131.425299136574,-64.5906849006745,-12.2391729645619,64.602820533207
1600175071.8,-74.7673458433383,14.0827637190744,47.6570078416012,-110.692222323246,-82.2048252055634,-131.362623390003,-64.4791660959464,-12.1111678196863,64.8720904022056
1600175071.9,-74.5525687602908,14.3823259515764,47.7352913723481,-110.904450278911,-82.4364541229705,-131.273359102092,-64.3728612722447,-11.984079087183,65.1452870936615
1600175072,-74.3375399852135,14.6794888177252,47.800168159184,-111.116524247246,-82.668543068618,-131.146632593184,-64.2662100199519,-11.8592145932294,65.4084835593378
1600175072.1,-74.1220464757116,14.97401592375,47.8502307335405,-111.328422471347,-82.9010362772323,-130.991324205913,-64.1617311412216,-11.7339805568683,65.6811043875754
1600175072.2,-73.9062893193686,15.2662658614753,47.8903575256317,-111.540090826976,-83.1339001953277,-130.819944099531,-64.0590626874801,-11.6082667912512,65.954312176783
1600175072.3,-73.6905731412257,15.556745990637,47.9270314558387,-111.751467096644,-83.3671068217107,-130.644367420412,-63.958509323476,-11.4800240963273,66.2176219017442
1600175072.4,-73.4752025734145,15.8459636707326,47.9668047942775,-111.96248906286,-83.60062815487,-130.476102528922,-63.861547635739,-11.3553968184622,66.4893256004964
1600175072.5,-73.2604822438127,16.1344262612599,48.0163303841145,-112.173094509555,-83.8344361937706,-130.326359116272,-63.764151873485,-11.2269649171055,66.773104444532
1600175072.6,-73.0467167817158,16.4226411219546,48.0823798881992,-112.383221219238,-84.0685029369808,-130.203067034241,-63.6674090736625,-11.0953915564009,67.0458296386331
1600175072.7,-72.8342108164194,16.7111156123145,48.1718479155672,-112.592806975839,-84.3028003834657,-130.101765836384,-63.5730714627429,-10.9618425847097,67.3166327401846
1600175072.8,-72.623268977219,17.0003570919959,48.2917410707876,-112.801789561868,-84.5373005317934,-130.015126001084,-63.47410839637,-10.8251209708478,67.5765132381058
1600175072.9,-72.4141958919921,17.2908729207346,48.4491502514332,-113.010106759837,-84.7719753806909,-129.935976940634,-63.380242138274,-10.6883920913136,67.8048309502613
1600175073,-72.2072961900343,17.5831704577902,48.6512054753801,-113.217696353673,-85.0067969288851,-129.857235673252,-63.2807865904023,-10.5504874236057,68.001714433905
1600175073.1,-72.0027108260864,17.8776160852948,48.9015500220423,-113.424516162606,-85.2417496383888,-129.772105845457,-63.1828422696504,-10.413071344657,68.1801569712067
1600175073.2,-71.7999258581325,18.1740121143766,49.1898156951178,-113.630604148478,-85.4768678249131,-129.676332330322,-63.0847395653759,-10.2768525326568,68.3447593824379
1600175073.3,-71.5982635830962,18.4720197987814,49.5018850128939,-113.83601831127,-85.7121982685666,-129.572244473313,-62.9850277151432,-10.1419048124338,68.5017370495716
1600175073.4,-71.3970462879742,18.7713003922546,49.8233890165783,-114.040816650961,-85.9477877489814,-129.463670901789,-62.8850830169531,-10.0069959743696,68.6730501851348
1600175073.5,-71.19559626969,19.0715151483833,50.139765743311,-114.245057167529,-86.1836830463451,-129.354307804576,-62.7894051156972,-9.87251056191937,68.8368017307447
1600175073.6,-70.9932358194948,19.372325320913,50.4363170036346,-114.448797860955,-86.4199309403693,-129.247698433069,-62.6934694046112,-9.74032488352052,69.0250479441048
1600175073.7,-70.7892872272215,19.6733921635896,50.6982609103973,-114.652096731217,-86.6565782110037,-129.147236936034,-62.5942198255162,-9.61008347341025,69.2249095794162
1600175073.8,-70.5830727897937,19.9743769299998,50.910776847178,-114.855011778295,-86.8936716380391,-129.056193707841,-62.4990974372534,-9.47881658312698,69.4431345675139
1600175073.9,-70.373914794208,20.2749408740481,51.0590399808729,-115.057601000751,-87.1312580015838,-128.976628011886,-62.4069687705575,-9.35007217443001,69.6915026021344
1600175074,-70.1611355373882,20.574745249242,51.1282454634803,-115.25992239998,-87.3693840815082,-128.906096818548,-62.3140462774494,-9.22164723090235,69.9601120211453
1600175074.1,-69.9443563737319,20.8735987514009,51.1096301628537,-115.462021831124,-87.6080811604182,-128.841154032249,-62.2217454813251,-9.09290864336412,70.2640814858341
1600175074.2,-69.7243950662184,21.1718999152099,51.0185512245778,-115.663896569959,-87.8473185407528,-128.778473296503,-62.1323483755522,-8.96155609581477,70.5938660014851
1600175074.3,-69.5023685090436,21.4701947529909,50.8765119453631,-115.865531753096,-88.0870500317355,-128.714798554088,-62.0403205745627,-8.83379895249623,70.9447724853443
1600175074.4,-69.2793936020759,21.769029276907,50.7051141629962,-116.066912518562,-88.3272294424307,-128.646941000403,-61.9501846458544,-8.70502201830999,71.3175618892447
1600175074.5,-69.0565872423476,22.0689494991214,50.5260204221247,-116.268023998714,-88.5678105820618,-128.571807673402,-61.8565196100638,-8.57453021859511,71.67172523421
1600175074.6,-68.8350663268909,22.3705014319559,50.3609315827506,-116.46885133158,-88.8087472597726,-128.487568775678,-61.7588408718965,-8.44250465933139,72.0154091091835
1600175074.7,-68.6159477513199,22.6742310875738,50.2315827393359,-116.66937965377,-89.0499932847865,-128.396931505915,-61.6597162368876,-8.31085287162867,72.3375988642402
1600175074.8,-68.400348415503,22.9806844782175,50.1597604580518,-116.869594099057,-89.2915024662473,-128.303547055224,-61.5594805418576,-8.17943002484166,72.6274520238978
1600175074.9,-68.1893852164726,23.2904076160502,50.1673435096678,-117.069479804052,-89.533228613299,-128.210820511378,-61.4585180751362,-8.04657984709448,72.8932072496184
1600175075,-67.9841750484245,23.6039465134732,50.2763667878809,-117.269021906784,-89.7751255350856,-128.121907622147,-61.3621800867784,-7.91664619498098,73.1411468496355
1600175075.1,-67.7854748976657,23.9216412032049,50.5024538715863,-117.468213316616,-90.0171584171387,-128.039384069402,-61.2660183928882,-7.78523025386908,73.3851237163438
1600175075.2,-67.592601717617,24.243007586965,50.8347950212155,-117.667078055203,-90.2593379502244,-127.964317084854,-61.1784574326747,-7.65237067563045,73.6176672827666
1600175075.3,-67.4045123595266,24.5673554804976,51.2558066712393,-117.865647918373,-90.5016862015757,-127.897575736619,-61.0908594281457,-7.51502161704746,73.8478029278135
1600175075.4,-67.2201636746428,24.893994699309,51.7476323089548,-118.063954704789,-90.7442252386639,-127.840198579124,-61.0127671251608,-7.37671668349263,74.0501426755737
1600175075.5,-67.0385125184684,25.222235058826,52.2920635557408,-118.262030210278,-90.986977128643,-127.79335669754,-60.9354594236714,-7.23203135678003,74.2282291452002
1600175075.6,-66.8585157394154,25.5513863747135,52.8705113585013,-118.459906230667,-91.2299639389047,-127.758306154934,-60.8635790944623,-7.08781001915015,74.367414830772
1600175075.7,-66.6791301944045,25.8807584626364,53.4640279171382,-118.65761456462,-91.473207736841,-127.73632800978,-60.7911787139459,-6.93781985462709,74.4730519275987
1600175075.8,-66.4993127318478,26.2096611381008,54.0533746276249,-118.855187009382,-91.7167305896851,-127.727490163341,-60.7155090031194,-6.78564180095207,74.5140654837032
1600175075.9,-66.31802020583,26.5374042165336,54.6191298881031,-119.052655359362,-91.9605545647496,-127.727107783157,-60.6374196498388,-6.63088711496708,74.4969247459603
1600175076,-66.1342094690173,26.8632975136789,55.141827396109,-119.250051414642,-92.2047017293469,-127.729316343005,-60.5564091277907,-6.48277750208546,74.4476165231866
1600175076.1,-65.9470533746839,27.1868043843661,55.6050712762209,-119.447398402725,-92.4491777681782,-127.728410571547,-60.4710242339427,-6.32967071357612,74.3577828195541
1600175076.2,-65.7565888622039,27.5080023999349,56.0046234481917,-119.644685292,-92.6939228451043,-127.719133826066,-60.3797625392355,-6.17798936443414,74.2327559707866
1600175076.3,-65.5630689126846,27.8271227005784,56.3396626031503,-119.841892483952,-92.9388607460581,-127.696345298672,-60.2830615245272,-6.02440364302876,74.0802313260825
1600175076.4,-65.3667465086518,28.144396426807,56.6097437530893,-120.039000380064,-93.1839152574486,-127.656996269001,-60.1858027448401,-5.87544670230982,73.9239700368871
1600175076.5,-65.1678746312127,28.4600547187345,56.8146887645945,-120.235989384657,-93.4290101652089,-127.606614823068,-60.0829224668752,-5.72517526653457,73.7560575145536
1600175076.6,-64.9667062643111,28.7743287167125,56.9544788357469,-120.432839900631,-93.6740692555098,-127.552908178723,-59.979544502885,-5.58007930399171,73.5879988353616
1600175076.7,-64.7634943890544,29.0874495610927,57.0291508354019,-120.629532328054,-93.9190163146019,-127.503706710211,-59.8748903663381,-5.4355339219646,73.4267377921087
1600175076.8,-64.55849198655,29.3996483921476,57.038697897355,-120.826047071244,-94.1637751284973,-127.467009437856,-59.7739983294798,-5.29355909786027,73.2777532639253
1600175076.9,-64.3519520407417,29.7111563500701,56.9829739026173,-121.022364531686,-94.4082694832878,-127.450951416869,-59.6741493619581,-5.15087344209287,73.1363006332815
1600175077,-64.1441275313186,30.0222045752914,56.8616004718248,-121.218465113699,-94.6524231652236,-127.46167800706,-59.5783591563827,-5.00942660750891,73.013570953115
1600175077.1,-63.9352531143502,30.3330136258331,56.6753350890869,-121.414332708779,-94.8961878968939,-127.496765222119,-59.4840420927063,-4.86598664884841,72.8865387130217
1600175077.2,-63.7254901202272,30.6437617211085,56.430482573811,-121.609965179808,-95.1396271452896,-127.550062294816,-59.3939735037623,-4.71973283782039,72.7410604975514
1600175077.3,-63.514981542957,30.9546164930414,56.1347570119408,-121.805363876842,-95.3828323131843,-127.615008439052,-59.3106496051944,-4.57499085191408,72.5864607539738
1600175077.4,-63.3038703765474,31.2657455736344,55.7959952132775,-122.000530149939,-95.6258948035106,-127.685103604097,-59.2278391281898,-4.42861831841274,72.3997492450745
1600175077.5,-63.0922996164239,31.5773165949699,55.4222807305073,-122.195465356246,-95.8689060190425,-127.753942197675,-59.149236421416,-4.27763206568234,72.1744243254575
1600175077.6,-62.8804122580123,31.8894971892888,55.0220329998999,-122.390170844402,-96.1119573625536,-127.815214689139,-59.0705156881799,-4.1275147380812,71.9443571420659
1600175077.7,-62.6683512924839,32.2024549885148,54.6040593803369,-122.584647965883,-96.3551402368972,-127.862678809363,-58.9947999392761,-3.97622746712084,71.7095821279914
1600175077.8,-62.4562597166825,32.51635762473,54.1775679797408,-122.778898073581,-96.5985460449264,-127.891264149823,-58.9196926647391,-3.82567506920676,71.4838684426549
1600175077.9,-62.2442805231977,32.8313727299373,53.7521384309142,-122.972922518972,-96.842266189415,-127.900484218403,-58.8415090769142,-3.67259363863049,71.2584228313118
1600175078,-62.0325567088731,33.1476679362985,53.337650339374,-123.166722656366,-97.0863920732163,-127.890929668539,-58.7621565382846,-3.52055726397809,71.0339506852211
1600175078.1,-61.8212007950018,33.4653581211831,52.9421190704656,-123.360300595938,-97.3309928611202,-127.863554798609,-58.6814886867909,-3.37094479558092,70.830149381676
1600175078.2,-61.6102033978369,33.7843471275524,52.5652976032185,-123.553661508178,-97.5760487817787,-127.820944372092,-58.5939277379224,-3.22211330717937,70.6472679774802
1600175078.3,-61.3995246609169,34.1044860364311,52.2045955520195,-123.74681131944,-97.8215178335602,-127.766140594223,-58.5025949950486,-3.07378861204394,70.4751598412389
1600175078.4,-61.189124724944,34.4256259282884,51.857155470321,-123.939755961748,-98.0673580148327,-127.702261915393,-58.4076328976893,-2.93206737624042,70.3361001962638
1600175078.5,-60.9789637306205,34.7476178840697,51.5199078895384,-124.132501362874,-98.313527324044,-127.632072148242,-58.3138174057063,-2.7915725894651,70.2272045567853
1600175078.6,-60.7690018200667,35.0703129844029,51.1896174191148,-124.325053452009,-98.5599837597212,-127.556621233591,-58.2184274466447,-2.65204675988853,70.1334251216925
1600175078.7,-60.559199135403,35.393562310154,50.86291899703,-124.517418158339,-98.8066853200736,-127.476506709593,-58.1215899173515,-2.51419196532779,70.0690178906651
1600175078.8,-60.3495158144954,35.717216941951,50.536343454603,-124.709601411056,-99.0535900035489,-127.392298705143,-58.0257852284443,-2.37514927398614,70.0098958649583
1600175078.9,-60.1399120037186,36.0411279605806,50.2063326077248,-124.901609140767,-99.3006558085948,-127.304532884963,-57.9363969930561,-2.23996621386743,69.9806265216112
1600175079,-59.9303478395205,36.3651464468293,49.8692433838361,-125.093447275242,-99.5478407335795,-127.213704512833,-57.8441921573368,-2.10423518696349,69.961816417239
1600175079.1,-59.7207834668578,36.6891234813252,49.521342139506,-125.285121743671,-99.79510277703,-127.120450994576,-57.7573545879998,-1.96680893751833,69.9635116000015
1600175079.2,-59.5111790250144,37.0129101449342,49.1587885500565,-125.476638476662,-100.042399937315,-127.026121959573,-57.6724224142036,-1.82833168072474,69.984383785245
1600175079.3,-59.3014946546928,37.3363575184431,48.7776098414586,-125.668003401985,-100.289690212722,-126.932239091458,-57.5884755480101,-1.69009860086518,70.0125719184591
1600175079.4,-59.0916904994313,37.6593166824797,48.3736650345433,-125.85922244883,-100.5369316017,-126.84031420167,-57.5111447934469,-1.54629810393445,70.063648353252
1600175079.5,-58.8817266999323,37.9816387178307,47.942599021542,-126.050301547805,-100.784082102697,-126.751851400066,-57.4348176743607,-1.40448935880427,70.1305569750128
1600175079.6,-58.6715633954797,38.3031747052034,47.479785691624,-126.241246625262,-101.031099714159,-126.668350173894,-57.356441173037,-1.25725563515215,70.2042064939353
1600175079.7,-58.4611607296122,38.6237757253845,46.9802593729574,-126.432063614645,-101.277942434297,-126.591308942173,-57.2803005135532,-1.11270272001488,70.285638827257
1600175079.8,-58.2504788430319,38.9432928591607,46.4386325672463,-126.622758442307,-101.524568261875,-126.522229080977,-57.2004082428487,-0.968076609389023,70.3769458806425
1600175079.9,-58.0394778778593,39.2615771873185,45.8489982496621,-126.813337038856,-101.770935194944,-126.462619883776,-57.1214667809693,-0.826170976429535,70.4816822821215
