TimeOfDay,V1x,V1y,V1Heading,V2x,V2y,V2Heading,V3x,V3y,V3Heading
13:03:45.000,-129.976203689245,-72.0715597691317,53.2930938399099,0.973231775467477,-20.7192221987777,160.277495489846,-106.537183204955,-61.7388247126389,54.1537114939208
13:03:45.100,-129.815211561577,-71.8129566070292,53.3091025688563,0.727187365730656,-20.6375533204386,160.23339101749,-106.488094595783,-61.675250216844,54.1053235233603
13:03:45.200,-129.654537844564,-71.5550672433319,53.3201903772839,0.481105796810031,-20.5560002593517,160.199393122556,-106.438985249339,-61.6126667740586,54.0537037395494
13:03:45.300,-129.493853627737,-71.2978706304679,53.325763243329,0.235008315085473,-20.4745423912893,160.174937620131,-106.393597374661,-61.5479433697753,54.0020090969206
13:03:45.400,-129.332829994958,-71.0413457213417,53.325212730522,-0.0110838330631479,-20.3931590917059,160.159439402058,-106.346859444423,-61.4866324918582,53.9614337241864
13:03:45.500,-129.171138034341,-70.7854714682227,53.3179159618707,-0.257149395583452,-20.3118297362149,160.152293883726,-106.302167519863,-61.425503890011,53.9297006773565
13:03:45.600,-129.008448832582,-70.5302268240153,53.3032360624418,-0.50316712609557,-20.2305337005091,160.152878443805,-106.258709445274,-61.3604141779763,53.9019720016753
13:03:45.700,-128.844433472122,-70.2755907409888,53.2805228042683,-0.749115775383376,-20.1492503602812,160.160553903486,-106.211794806476,-61.3006128982787,53.8848493245689
13:03:45.800,-128.678763043914,-70.0215421719684,53.2491139005009,-0.994974095648873,-20.067959090986,160.17466604255,-106.160346328907,-61.2385889981533,53.8509456438183
13:03:45.900,-128.511108631816,-69.768060069541,53.2083365550795,-1.24072083909406,-19.9866392683162,160.194547132702,-106.113268863594,-61.1776325195023,53.8349164510948
13:03:46.000,-128.341141321107,-69.5151233860553,53.1575096524715,-1.48633475650282,-19.9052702678852,160.219517444591,-106.066116539607,-61.1166839229246,53.8207881938052
13:03:46.100,-128.168637548308,-69.2626963165944,53.0971297105851,-1.73179460149528,-19.8238314653857,160.248886897597,-106.021623629328,-61.0554484319145,53.820908226226
13:03:46.200,-127.993795173345,-69.0106840205105,53.0324441594652,-1.97707912343718,-19.7423022362725,160.281956474547,-105.973769119719,-60.9935137678322,53.8142902570162
13:03:46.300,-127.816917418731,-68.7589768969527,52.9699404681623,-2.22216707594866,-19.6606619563176,160.318019973274,-105.926057955813,-60.9313469203191,53.8073288131896
13:03:46.400,-127.638307512653,-68.5074653449911,52.9161720372723,-2.46703720981358,-19.5788900010551,160.356365325416,-105.877009254155,-60.8703072172211,53.8096738118779
13:03:46.500,-127.458268681878,-68.2560397639338,52.8777613350213,-2.71166827439771,-19.4969657460983,160.396276297231,-105.830958977991,-60.8080669078929,53.8101434635295
13:03:46.600,-127.277104150337,-68.0045905528505,52.8614018532245,-2.95603902615742,-19.4148685671401,160.437033937464,-105.782257733067,-60.7441678703728,53.8092337947079
13:03:46.700,-127.095117143381,-67.7530081108113,52.8738590548064,-3.20012821445846,-19.3325778396351,160.477917943312,-105.733056448026,-60.6810299061541,53.8353890993599
13:03:46.800,-126.912610887778,-67.5011828371242,52.9219698964512,-3.4439145900847,-19.2500729395142,160.518184198268,-105.682328973207,-60.6173733209949,53.8573673818146
13:03:46.900,-126.729888608877,-67.2490051307798,53.0126407474793,-3.68737690665628,-19.1673332420732,160.556997318017,-105.631303712974,-60.5532201764922,53.8710967417155
13:03:47.000,-126.547253532029,-66.9963653911654,53.152843025294,-3.93049391353895,-19.0843381230844,160.593509074072,-105.579927250733,-60.4878547993978,53.8893858473038
13:03:47.100,-126.364923135528,-66.7431944147527,53.3469384135153,-4.17326153787173,-19.001076883923,160.62730824906,-105.525675401122,-60.4195108668098,53.8929634296149
13:03:47.200,-126.182771820115,-66.4895846252468,53.5886116752689,-4.41574439803303,-18.9175785286151,160.65969250553,-105.4736519808,-60.3529441282452,53.9124334353252
13:03:47.300,-126.000588198349,-66.2356688616951,53.8687782329331,-4.65802428450202,-18.8338819865516,160.69238660943,-105.420358926905,-60.2875007588483,53.947825672277
13:03:47.400,-125.818160885625,-65.9815799633034,54.1782400984139,-4.90018298917601,-18.7500261868061,160.727117027047,-105.363663407512,-60.2181781070647,53.970673771247
13:03:47.500,-125.635278495923,-65.7274507692777,54.5076893941963,-5.14230230111605,-18.6660500589283,160.765613374118,-105.309368239791,-60.1487331338677,53.9827830432969
13:03:47.600,-125.451729644638,-65.4734141186652,54.8477158245184,-5.38446401363757,-18.5819925321505,160.809610971894,-105.252975082109,-60.0789113744209,53.9881245210913
13:03:47.700,-125.267302944329,-65.2196028507514,55.1888161915701,-5.62674991580163,-18.4978925357048,160.860854138257,-105.197344179075,-60.0101096936014,54.0005691376873
13:03:47.800,-125.081787007557,-64.9661498048214,55.5214061544168,-5.86924180092365,-18.4137889990617,160.921100619853,-105.142888136182,-59.9426525950311,54.0263370432252
13:03:47.900,-124.894970452553,-64.7131878198433,55.8358321955074,-6.1120214594828,-18.3297208513741,160.992039890585,-105.086679534976,-59.8733749348009,54.0510169750617
13:03:48.000,-124.706641889042,-64.4608497351022,56.1223824602361,-6.35517068054015,-18.2457270221917,161.075025415664,-105.030137957532,-59.8037919538383,54.067605949231
13:03:48.100,-124.516650163112,-64.2091969287321,56.3737171321219,-6.59875384990125,-18.1618525464105,161.171314603833,-104.973373999326,-59.7330823386486,54.088234495812
13:03:48.200,-124.325085046462,-63.9580049171939,56.59213800687,-6.84276573609531,-18.0781668780883,161.282163618071,-104.91467601643,-59.6611082787303,54.0970441258824
13:03:48.300,-124.132096549992,-63.7069777469857,56.7823366744174,-7.08718370439606,-17.9947455748036,161.408818355352,-104.853159165618,-59.5939162951187,54.1156912273593
13:03:48.400,-123.937834680347,-63.4558194647643,56.948990725818,-7.33198512433159,-17.9116641938963,161.552505014961,-104.789660283677,-59.5243106594965,54.153030674273
13:03:48.500,-123.742449451266,-63.2042341170277,57.0967748663139,-7.57714736259375,-17.8289982930241,161.714422407198,-104.726462572221,-59.452599061433,54.1903327196839
13:03:48.600,-123.546090870811,-62.9519257504328,57.2303620864594,-7.82264778587439,-17.7468234296067,161.895733329314,-104.660270339373,-59.3821665163638,54.2116658278527
13:03:48.700,-123.348908948466,-62.6985984114776,57.3544160189094,-8.06846376228349,-17.6652151613016,162.097138794888,-104.596443359552,-59.3124590551953,54.2351000597753
13:03:48.800,-123.151053693712,-62.4439561467396,57.4735734152323,-8.31457265851289,-17.5842490452903,162.317648373733,-104.531309497632,-59.2363964749748,54.2526798356305
13:03:48.900,-122.952675116031,-62.1877030028755,57.5924173316285,-8.5609518440907,-17.5040006393892,162.555878722593,-104.468990827844,-59.1638825338799,54.2947881730333
13:03:49.000,-122.753923224905,-61.9295430263834,57.7154411911729,-8.80757868429064,-17.4245455010971,162.810487617553,-104.404558252454,-59.0883159801911,54.3433640256821
13:03:49.100,-122.554989016527,-61.6693042587054,57.8461343062593,-9.0544372733994,-17.3459461742721,163.079886911332,-104.337428587974,-59.0092688331986,54.3605100819878
13:03:49.200,-122.356227453775,-61.4073108204452,57.9844415776413,-9.30153861750124,-17.2682131517015,163.361347316296,-104.269144912658,-58.9329263046263,54.3914325746196
13:03:49.300,-122.158034506092,-61.1440108769234,58.1295741992325,-9.548900447439,-17.1913439135636,163.651878050982,-104.204510059876,-58.8509023631497,54.4189147030849
13:03:49.400,-121.960806138667,-60.8798525930632,58.280931493254,-9.7965404926374,-17.1153359404337,163.949036195083,-104.134802827474,-58.7694404655,54.4452068927042
13:03:49.500,-121.764938318105,-60.6152841343439,58.4381190957438,-10.0444764881937,-17.0401867128076,164.252448231396,-104.070665686244,-58.6898553629786,54.4915548421965
13:03:49.600,-121.570827011013,-60.3507536660063,58.6009629227601,-10.2927261606963,-16.9658937107843,164.562247555995,-104.002832939886,-58.6048909585549,54.5103949911982
13:03:49.700,-121.378868185414,-60.086709352974,58.7695217454162,-10.5413072452424,-16.8924544149391,164.878558325816,-103.934533696371,-58.5222068727039,54.5252285239157
13:03:49.800,-121.189457806498,-59.8235993608053,58.9441006467051,-10.7902374712569,-16.819866305609,165.201494758447,-103.869152725808,-58.4388825933885,54.5543590287408
13:03:49.900,-121.002991842289,-59.5618718545031,59.1252690281679,-11.0395345681643,-16.7481268632106,165.531160505856,-103.801144138782,-58.3576874374721,54.5834132939101
13:03:50.000,-120.819866259392,-59.3019749994671,59.3138854898213,-11.289216271062,-16.6772335680809,165.867647927175,-103.734979767878,-58.2738955155191,54.6040855398113
13:03:50.100,-120.640337005638,-59.0441960596527,59.5103010671656,-11.5392993961007,-16.6072014292059,166.211514835396,-103.669155373086,-58.1870108256062,54.6072191539021
13:03:50.200,-120.464099938148,-58.7881786700582,59.7116880312132,-11.7897971290262,-16.538115554846,166.565224067566,-103.597743801528,-58.1045204878682,54.6106737428157
13:03:50.300,-120.290710882503,-58.5334055526478,59.9141415970672,-12.0407217352194,-16.4700785745279,166.931724528134,-103.524903197495,-58.0202126503915,54.6101160690337
13:03:50.400,-120.119725664287,-58.27935942883,60.1133838388727,-12.2920854871521,-16.4031931176989,167.313975682178,-103.453008512586,-57.9336198424796,54.6007638035064
13:03:50.500,-119.950700111916,-58.0255230204897,60.3047016497066,-12.5439006544597,-16.3375618138857,167.714946852873,-103.379331414952,-57.847841015233,54.5823695103038
13:03:50.600,-119.783190052392,-57.7713790491941,60.4829091368817,-12.7961795067778,-16.2732872924563,168.137164845262,-103.307925264893,-57.7568794007381,54.5584548200887
13:03:50.700,-119.616751312713,-57.5164102367486,60.6423407994384,-13.0489343151599,-16.2104721829373,168.581347104669,-103.235070018699,-57.6710771917725,54.5467849192414
13:03:50.800,-119.450939717045,-57.2600993047999,60.7768830528349,-13.3021773506597,-16.1492191149348,169.047734105555,-103.161697461018,-57.5813690390352,54.5227225222638
13:03:50.900,-119.285311096641,-57.001928975074,60.8800527446209,-13.5559208800763,-16.0896307176581,169.536533435839,-103.084928050787,-57.4954113966136,54.5103749754155
13:03:51.000,-119.119421274246,-56.7413819692971,60.9451299031566,-13.8101771772996,-16.0318096208719,170.047914920806,-103.00904532451,-57.4046285327562,54.4762906220926
13:03:51.100,-118.952933946698,-56.4780964608296,60.9676050301668,-14.0649456027542,-15.975843269286,170.581518290542,-102.934038359774,-57.316179258405,54.4456805738784
13:03:51.200,-118.785944355411,-56.2123325406251,60.952236216242,-14.3201738913669,-15.9217583736608,171.135009620615,-102.862870666366,-57.2259810957332,54.4106390010287
13:03:51.300,-118.618655649923,-55.9445058064425,60.9064384111352,-14.5757968745258,-15.8695664620039,171.705582230289,-102.788426421544,-57.1378593584267,54.3916549285422
13:03:51.400,-118.451270979777,-55.6750318556432,60.8379073375725,-14.831749380783,-15.8192790628783,172.290455212624,-102.712813364894,-57.0479749463755,54.3693653057324
13:03:51.500,-118.283993491675,-55.4043262861448,60.7544870686809,-15.0879662386905,-15.7709077043708,172.886879806528,-102.635524188399,-56.9613376755941,54.3555689821873
13:03:51.600,-118.117026336576,-55.1328046956264,60.6640649097034,-15.3443822782185,-15.7244639146478,173.492145372155,-102.555314099817,-56.8709006683923,54.3346775756071
13:03:51.700,-117.950572661183,-54.8608826817674,60.5744956772544,-15.6009323293372,-15.6799592220341,174.103584886364,-102.481567674205,-56.7812534304364,54.3359179259221
13:03:51.800,-117.784835615037,-54.5889758420087,60.4935574856536,-15.8575512205986,-15.637405154696,174.718649481936,-102.404074117235,-56.6917326134167,54.3439788216151
13:03:51.900,-117.620018347678,-54.3174997742678,60.4289391166718,-16.114173783391,-15.5968132409584,175.335125250854,-102.325021028901,-56.6000999635008,54.3514780391202
13:03:52.000,-117.456324005809,-54.0468700760652,60.388258768778,-16.3707348434302,-15.558195009067,175.950933684509,-102.247626943618,-56.5099787941095,54.3601502659174
13:03:52.100,-117.293860525918,-53.7773929137099,60.3764033660945,-16.6271864495853,-15.5215671328062,176.564240283346,-102.167656410735,-56.42045338524,54.3812908754627
13:03:52.200,-117.132354979523,-53.5089367212031,60.3874580455815,-16.8835494880319,-15.4869668640673,177.173940780054,-102.086568585162,-56.3334893962387,54.4138638004665
13:03:52.300,-116.971439225089,-53.2412604978421,60.4128339639421,-17.1398620539178,-15.4544365982166,177.779063580568,-102.00712989673,-56.2442013649207,54.4504035288997
13:03:52.400,-116.810745115408,-52.9741232432415,60.4439400136488,-17.3961622466448,-15.424018730303,178.378585529317,-101.926773230534,-56.1551939242339,54.4848747102355
13:03:52.500,-116.649904510364,-52.7072839566982,60.4721578723781,-17.6524881599427,-15.3957556553751,178.971433739351,-101.844620581554,-56.0657141179208,54.5305497616206
13:03:52.600,-116.488549262749,-52.4405016377476,60.488832590707,-17.9088778889591,-15.3696897687198,179.556487793917,-101.762604261386,-55.9762833338597,54.581152775274
13:03:52.700,-116.326311231029,-52.1735352856073,60.4852801011767,-18.1653695316778,-15.3458634654653,-179.867417727008,-101.680613015122,-55.8867266638176,54.632932592453
13:03:52.800,-116.162822269414,-51.9061438999713,60.4528106112473,-18.4220011818286,-15.3243191408191,-179.301490399467,-101.600969414418,-55.7998879321716,54.6954445770538
13:03:52.900,-115.997714234951,-51.6380864800573,60.3827690798382,-18.6788109373951,-15.3050991898299,-178.746976752942,-101.522679121039,-55.7110468314668,54.7572558203765
13:03:53.000,-115.830618983269,-51.3691220254007,60.2665924412892,-18.9358368921072,-15.2882460078641,-178.203921643183,-101.442433550918,-55.6207905645321,54.8133934830493
13:03:53.100,-115.661263747552,-51.0990197433425,60.0985267019369,-19.193088368732,-15.2738060147947,-177.66732473457,-101.364813589191,-55.5290756518022,54.8757684904215
13:03:53.200,-115.489757313746,-50.8275896790369,59.8835751393628,-19.4504595905891,-15.2618417281249,-177.130383252114,-101.286417760214,-55.4365023191139,54.9399411225409
13:03:53.300,-115.316303875132,-50.5546520890955,59.6294684706305,-19.7078160157083,-15.252419689944,-176.58608112945,-101.20697683965,-55.3445867445783,55.0038558913592
13:03:53.400,-115.141107623574,-50.2800272297329,59.3439566418854,-19.965023097865,-15.2456064418651,-176.027330146931,-101.128667926263,-55.2552466346439,55.0783116894828
13:03:53.500,-114.964372753772,-50.0035353573228,59.0347601964448,-20.2219462908347,-15.2414685255807,-175.446973960002,-101.048579283248,-55.1627431487161,55.1491195553944
13:03:53.600,-114.786303456171,-49.7249967282384,58.7095271778586,-20.4784510540651,-15.2400724829419,-174.837788853637,-100.968773194962,-55.0676962129328,55.2131742525035
13:03:53.700,-114.607103925471,-49.4442315989328,58.3757966102163,-20.7344028413319,-15.2414848557206,-174.195361203583,-100.884971096853,-54.9749653529305,55.2726680075529
13:03:53.800,-114.426978352117,-49.1610602257,58.0409683740954,-20.9896671064104,-15.2457721856092,-173.526618405884,-100.800781584862,-54.8829717843459,55.3445617561708
13:03:53.900,-114.246130927972,-48.8753028648341,57.712280809986,-21.2441093073303,-15.2530010143796,-172.841003193308,-100.715379423899,-54.7924029867326,55.4016372435641
13:03:54.000,-114.064765849155,-48.5867797727879,57.3967957507166,-21.4975948978672,-15.2632378838036,-172.147555801181,-100.633804986455,-54.7031292011429,55.4760735692599
13:03:54.100,-113.883053244116,-48.2953588519419,57.099957223402,-21.7500515450314,-15.2765095354418,-171.453966001323,-100.549025831406,-54.6119153982482,55.5473732746023
13:03:54.200,-113.70102695504,-48.0010986441123,56.8213499051331,-22.0016557645181,-15.292683502866,-170.764023361356,-100.466109333803,-54.5222519284272,55.6170067852156
13:03:54.300,-113.518686743682,-47.7041053651441,56.5591191427334,-22.2526462937667,-15.3115875161821,-170.080990396251,-100.382863856245,-54.4344061990313,55.6834067447978
13:03:54.400,-113.33603236896,-47.4044852307237,56.3114254096549,-22.5032618645435,-15.3330493051786,-169.408628503837,-100.297958219861,-54.3459857030231,55.7559336420154
13:03:54.500,-113.153063594047,-47.1023444566167,56.0764472196874,-22.7537412100332,-15.3568965998025,-168.751190046309,-100.217326671002,-54.2557584935384,55.836724024234
13:03:54.600,-112.969780176443,-46.7977892586681,55.8523830972461,-23.004323067675,-15.382957130001,-168.113946575092,-100.133133663328,-54.1686161034184,55.9207574038624
13:03:54.700,-112.786181880739,-46.4909258526435,55.6374535486913,-23.2552461663991,-15.411058625642,-167.5047948407,-100.050652391761,-54.0770092319218,56.0011139265338
13:03:54.800,-112.602268465853,-46.1818604541499,55.4299022510976,-23.5067492436446,-15.4410288169107,-166.932546549913,-99.9670058309938,-53.9866424759315,56.0876718922931
13:03:54.900,-112.418039690705,-45.8706992790323,55.2279971714059,-23.7590710325962,-15.472695433278,-166.406292282675,-99.88540564178,-53.8907749172765,56.1885501830921
13:03:55.000,-112.233495317047,-45.5575485430563,55.0300315008848,-24.0124502664386,-15.5058862051673,-165.935290206388,-99.802530903765,-53.8003372243732,56.2711148076984
13:03:55.100,-112.048666695417,-45.2425187321815,54.8348643036229,-24.2670437361377,-15.5404826121324,-165.524605676507,-99.7182205276397,-53.7062062409436,56.3490530900724
13:03:55.200,-111.863711530053,-44.9257374156836,54.6435184960075,-24.5226804964011,-15.5765811090535,-165.162144069229,-99.6371060086605,-53.6125680421656,56.4438954558644
13:03:55.300,-111.678819130993,-44.6073364340639,54.4575196550326,-24.7791076767354,-15.6143318879541,-164.831112775163,-99.5575494001264,-53.5168967702588,56.5400018036912
13:03:55.400,-111.494178801185,-44.2874476279827,54.2783511313671,-25.036072405229,-15.65388514062,-164.514385177866,-99.4767521204287,-53.4220177560637,56.6494428496102
13:03:55.500,-111.309979844995,-43.9662028379416,54.1074564811557,-25.2933218170608,-15.6953910589955,-164.197049724029,-99.3971697303443,-53.3240721074829,56.742866132283
13:03:55.600,-111.126411566787,-43.6437339044421,53.9462424952398,-25.550603037483,-15.7389998351835,-163.87387041209,-99.3189564540291,-53.2264176910824,56.8261857735456
13:03:55.700,-110.943663273763,-43.3201726681443,53.7960827339939,-25.8076632002564,-15.7848616611286,-163.542082020649,-99.2412998393898,-53.1280334767626,56.9168484061737
13:03:55.800,-110.76192426887,-42.9956509696292,53.6583213700427,-26.0642494334693,-15.8331267286957,-163.19895734562,-99.162173659368,-53.0307973794138,56.9960647360876
13:03:55.900,-110.581383857893,-42.6703006493982,53.5342780067626,-26.3201088680464,-15.8839452299085,-162.841805185612,-99.0805695206704,-52.9325285477301,57.0734783603615
13:03:56.000,-110.402231346614,-42.3442535479528,53.4252524930518,-26.5749886334942,-15.9374673567112,-162.467970216436,-99.0039085829789,-52.8325460721267,57.1440107457669
13:03:56.100,-110.224582420168,-42.0176310255497,53.3315026255065,-26.828701398062,-15.9938037674019,-162.076076654974,-98.9236987695136,-52.7348539567556,57.2118221451896
13:03:56.200,-110.048258221532,-41.6905125090821,53.2491932537651,-27.0813219835525,-16.0529069821994,-161.669726463319,-98.8457543587472,-52.6361916269342,57.2945647298817
13:03:56.300,-109.873006229071,-41.3629669397211,53.1735272612075,-27.3329907505113,-16.1146899863268,-161.253721811014,-98.7656719200379,-52.5380106540165,57.3663741948164
13:03:56.400,-109.698573926824,-41.0350632583995,53.0997720044786,-27.5838480623203,-16.1790657644512,-160.832817032856,-98.6826873565895,-52.4380124744382,57.4239127752726
13:03:56.500,-109.524708794575,-40.7068704058916,53.0232491069086,-27.8340342795251,-16.2459473017164,-160.411721273242,-98.5997385427067,-52.3393152617214,57.4885035491297
13:03:56.600,-109.351158319198,-40.3784573234476,52.9393243878934,-28.0836897655075,-16.3152475831071,-159.995102979292,-98.5185043664191,-52.2394156550133,57.5645220922907
13:03:56.700,-109.177669980477,-40.0498929518418,52.8433971201347,-28.332954879395,-16.3868795936082,-159.58759625269,-98.4346611142623,-52.1390952171319,57.6377318678902
13:03:56.800,-109.003991259614,-39.7212462322453,52.730889587021,-28.5819699845694,-16.4607563181252,-159.193301301968,-98.3531591360212,-52.0371889256852,57.702946021376
13:03:56.900,-108.829869639229,-39.3925861054321,52.5972363142728,-28.8308754429944,-16.5367907417221,-158.814349124125,-98.2694414136371,-51.9388014651195,57.7603078771536
13:03:57.000,-108.655052601942,-39.0639815124938,52.4378733921739,-29.0798116152157,-16.6148958493045,-158.452564264491,-98.1874151226167,-51.8377962390507,57.8113824514066
13:03:57.100,-108.479335710554,-38.7354722456242,52.2503464723309,-29.3288894668407,-16.6949879666472,-158.109572686795,-98.1090417865527,-51.7386839239187,57.8785212523317
13:03:57.200,-108.302706867023,-38.4069814900726,52.0406588916607,-29.578102385143,-16.7769967793505,-157.785537772964,-98.0268514309926,-51.6374787483385,57.9511077019299
13:03:57.300,-108.125202060578,-38.0784032757607,51.8169265684455,-29.8274143681304,-16.8608553133283,-157.480283486664,-97.9459276983216,-51.5375405963687,58.0162597766
13:03:57.400,-107.946857284701,-37.749631633007,51.5872784082245,-30.0767894152288,-16.9464965940185,-157.193632076685,-97.8671520325151,-51.4358291652558,58.0889497939831
13:03:57.500,-107.767708530041,-37.4205605920503,51.3598666695847,-30.3261915258645,-17.0338536469381,-156.925216505396,-97.7878148025673,-51.3332963756385,58.1685301225555
13:03:57.600,-107.587791788662,-37.0910841829711,51.1428668729049,-30.5755846980451,-17.1228594976836,-156.674535857472,-97.7058302016468,-51.2342611234844,58.2380117619569
13:03:57.700,-107.407143051212,-36.761096435929,50.9444681447515,-30.8249329311969,-17.2134471719308,-156.441001211576,-97.6238814211981,-51.129472544321,58.309020496334
13:03:57.800,-107.225798311173,-36.4304913810043,50.77285472587,-31.0742002219094,-17.3055496951968,-156.223949073511,-97.5391722776655,-51.0278803166567,58.3771949970402
13:03:57.900,-107.043793557775,-36.0991630485949,50.6361788288722,-31.3233505710269,-17.3991000930782,-156.022653940451,-97.4558031692064,-50.925801979967,58.4438236808539
13:03:58.000,-106.861164784501,-35.7670054687809,50.5425259033016,-31.5723479765572,-17.4940313911713,-155.836339581878,-97.3706640835791,-50.8234817325394,58.5156351028534
13:03:58.100,-106.67792269112,-35.433976854262,50.4967562393395,-31.8211655465566,-17.5902992762417,-155.663865713786,-97.2866816649398,-50.7156068158314,58.5659239419488
13:03:58.200,-106.493976791197,-35.1002922106091,50.4911697850867,-32.0698128349473,-17.6879500800485,-155.502785418873,-97.2059518427109,-50.6098503096091,58.6378988056922
13:03:58.300,-106.309211297494,-34.7662307575267,50.5149639941227,-32.3183084957727,-17.7870527952815,-155.350351722535,-97.123777022733,-50.5072651354374,58.7153464085742
13:03:58.400,-106.123510419933,-34.4320717147198,50.5574102762329,-32.5666711930033,-17.8876764149483,-155.203840698601,-97.0391322451522,-50.3998582434324,58.7747802480112
13:03:58.500,-105.93675836844,-34.0980943018135,50.6078883182105,-32.8149195863553,-17.9898899315006,-155.060546340335,-96.9594350279003,-50.2938870355134,58.832627837507
13:03:58.600,-105.748839355774,-33.764577738354,50.6559068014451,-33.0630723355447,-18.0937623381047,-154.917776758922,-96.8766432460649,-50.1883235490745,58.8897045918962
13:03:58.700,-105.559637590442,-33.4318012441253,50.6911103748429,-33.3111481017057,-18.1993626274504,-154.77294402968,-96.7919542782263,-50.0846949573434,58.9570107225742
13:03:58.800,-105.369037286621,-33.100044038594,50.7032737320919,-33.5591655431363,-18.3067597921485,-154.62384317344,-96.7086710089992,-49.9814460430325,59.0372719241439
13:03:58.900,-105.176922652819,-32.7695853415442,50.682282862847,-33.8071433195525,-18.4160228252063,-154.468381578841,-96.6251442856423,-49.8734923140063,59.1044999708588
13:03:59.000,-104.983177900378,-32.4407043725219,50.618104280802,-34.0551000935067,-18.5272207193137,-154.304490224213,-96.543689064469,-49.768653800651,59.163789962126
13:03:59.100,-104.787740379278,-32.113590931102,50.5036515656754,-34.303050497234,-18.6403932819057,-154.130826563461,-96.4615108565856,-49.6631005035222,59.2287971135132
13:03:59.200,-104.590760012498,-31.788077106889,50.3434429013055,-34.5509930573006,-18.7554635980517,-153.948864390967,-96.3782082256694,-49.5576957402867,59.3068605605251
13:03:59.300,-104.392439867325,-31.4639055548307,50.1448362952717,-34.7989222784638,-18.872325577251,-153.76077937556,-96.2959220642803,-49.4504602247318,59.3763133833109
13:03:59.400,-104.192983013885,-31.1408189296367,49.9151532979843,-35.0468326598088,-18.9908731286056,-153.568744918062,-96.2151606064726,-49.3454674218146,59.459375162697
13:03:59.500,-103.992592522302,-30.8185598862549,49.661710056769,-35.2947187060931,-19.111000161694,-153.373860419545,-96.1340580720854,-49.2395998015625,59.5438268918697
13:03:59.600,-103.791471462702,-30.4968710794742,49.3918365766118,-35.54257491782,-19.2326005857773,-153.172942059583,-96.050516344944,-49.1314442030134,59.6368141272949
13:03:59.700,-103.589822900954,-30.1754951642425,49.1128850473845,-35.7903957969108,-19.3555683102749,-152.961727363215,-95.9678068059704,-49.0241882202482,59.7336030882367
13:03:59.800,-103.387849910021,-29.8541747951106,48.832227189916,-36.0381758452868,-19.4797972446068,-152.735944474293,-95.8861910329582,-48.9160076194766,59.8232769908827
13:03:59.900,-103.185755557191,-29.5326526272644,48.557241520641,-36.2859095677055,-19.6051812980338,-152.491311725403,-95.805943210851,-48.8076639451319,59.9258405717166
13:04:00.000,-102.983742912588,-29.2106713153343,48.2952912603669,-36.5335914646702,-19.7316143799757,-152.223535746809,-95.7250673272057,-48.7007197680497,60.0421411649862
13:04:00.100,-102.781967875177,-28.8880451214823,48.0519309319682,-36.7812114291892,-19.8590239072168,-151.92996368751,-95.640320808934,-48.5939090356197,60.1390657563158
13:04:00.200,-102.580397616734,-28.5648748010268,47.8255881696979,-37.0287409143644,-19.9874713234607,-151.614528359063,-95.5583803642363,-48.4875317506178,60.2346818450887
13:04:00.300,-102.378952119439,-28.2413327476186,47.6128590681308,-37.276146767221,-20.1170515775528,-151.282750015074,-95.4743781698149,-48.3793478500967,60.3156183845663
13:04:00.400,-102.177551362635,-27.9175913557813,47.410294931779,-37.523395831948,-20.2478596188942,-150.940072728541,-95.3876313506839,-48.2712076100523,60.3985111772309
13:04:00.500,-101.976115327084,-27.5938230191654,47.2144203384468,-37.7704549569886,-20.379990396648,-150.591864012206,-95.3013823040839,-48.1653333687889,60.4804309357308
13:04:00.600,-101.774563994965,-27.2702001321361,47.0217444824857,-38.0172909851137,-20.5135388598184,-150.243418658865,-95.2154894030818,-48.0570914078237,60.5637074943432
13:04:00.700,-101.572817347041,-26.946895088582,46.8287662889091,-38.2638707633485,-20.6485999578065,-149.898866976775,-95.1266056578926,-47.9479801047358,60.6382586067172
13:04:00.800,-101.370795364071,-26.6240802827886,46.6319734443363,-38.5101611358818,-20.7852686395372,-149.557963792226,-95.0413795900229,-47.8432236814593,60.7270221633118
13:04:00.900,-101.168418025401,-26.3019281086447,46.4278354590465,-38.7561289483208,-20.9236398543322,-149.219529897005,-94.953340939376,-47.7353762862398,60.8131700722472
13:04:01.000,-100.965605314627,-25.9806109602772,46.2127912295094,-39.0017410491088,-21.0638085512753,-148.882568185532,-94.8658460298492,-47.6280469980419,60.9119256031924
13:04:01.100,-100.76231007477,-25.6602423557191,45.9843556924698,-39.2469629011789,-21.2058435969977,-148.546877113163,-94.7750447315157,-47.5219882188783,61.0196698557701
13:04:01.200,-100.558616617739,-25.3407002948952,45.7445057485375,-39.491754462295,-21.3497095461828,-148.214876622336,-94.6869360962975,-47.4154482126005,61.117441539035
13:04:01.300,-100.354642123375,-25.0218038945715,45.4963593069958,-39.7360743089651,-21.4953448811432,-147.888509723865,-94.5953649010281,-47.309197181515,61.2193538719358
13:04:01.400,-100.150503772935,-24.7033722717522,45.2430734546639,-39.9798810191155,-21.6426880840329,-147.564875415075,-94.5091958679941,-47.2034333479406,61.3439865494768
13:04:01.500,-99.946318744843,-24.3852245432827,44.98785656256,-40.2231331678361,-21.7916776369262,-147.23972778098,-94.4175505131874,-47.094061895712,61.4586529912389
13:04:01.600,-99.7422042189385,-24.0671798262465,44.733975136256,-40.4657893358894,-21.9422520220564,-146.908681805782,-94.3270994879875,-46.9888838497446,61.5766740984566
13:04:01.700,-99.5382773750621,-23.7490572373303,44.484755618189,-40.7078080969472,-22.094349721498,-146.567216565742,-94.2383211068039,-46.8796741545392,61.7118161625789
13:04:01.800,-99.3346553930541,-23.4306758934588,44.2435809472235,-40.9491480317719,-22.2479092173255,-146.210669124322,-94.1508214578965,-46.7716670441594,61.8518224008637
13:04:01.900,-99.1314554527548,-23.1118549117156,44.0138821842251,-41.1897677154535,-22.4028689917721,-145.836023624509,-94.0616930928771,-46.661530985894,61.9937116073104
13:04:02.000,-98.9287947340048,-22.7924134088666,43.7991249313978,-41.4296257245,-22.5591675269122,-145.447363817484,-93.9764604874416,-46.554347612699,62.142619215873
13:04:02.100,-98.726771486066,-22.4722255021063,43.6022212912696,-41.6687031198244,-22.7167574613234,-145.050589555435,-93.8872961090851,-46.4453814669132,62.2957616771477
13:04:02.200,-98.5254082287965,-22.1513853525726,43.4237679945213,-41.9070708900319,-22.8756480561817,-144.65178794891,-93.7973530896213,-46.3350378067152,62.442694785358
13:04:02.300,-98.3247085372945,-21.8300421439005,43.2636988280536,-42.1448224982056,-23.0358627281344,-144.257208056239,-93.7101996778579,-46.2244325441308,62.5742506826828
13:04:02.400,-98.1246759965853,-21.5083450591687,43.1218654017713,-42.3820514116831,-23.1974248930347,-143.873238046008,-93.6207967464188,-46.1145931446761,62.6880792546206
13:04:02.500,-97.9253141831855,-21.1864432817738,42.9980569884939,-42.6188510992199,-23.3603579674505,-143.506398410341,-93.5338736058758,-46.0034648534677,62.8055957761215
13:04:02.600,-97.726626679284,-20.864485995033,42.8920200144991,-42.8553150253175,-23.5246853676319,-143.163325452881,-93.4433716188613,-45.8946474155011,62.9127802851574
13:04:02.700,-97.5286170642335,-20.5426223822633,42.8034764751835,-43.0915366573133,-23.6904305099087,-142.850745558046,-93.3539303355936,-45.7886162716597,63.0360844593845
13:04:02.800,-97.3312889159688,-20.2210016267818,42.7321415043738,-43.3276094625449,-23.8576168104516,-142.575440383487,-93.264251778394,-45.6793031022241,63.1550222245292
13:04:02.900,-97.1346458166787,-19.8997729118264,42.6777400277278,-43.5636269055135,-24.0262676855109,-142.344203123257,-93.1707950555441,-45.5688502938113,63.2586639293942
13:04:03.000,-96.938691345716,-19.5790854207141,42.6400226410625,-43.7996824563929,-24.1964065515751,-142.154046936159,-93.0802191685095,-45.4598744175432,63.3720143835766
13:04:03.100,-96.7434159392317,-19.2590402499472,42.6187490822188,-44.0357936262163,-24.3680375441268,-141.971624291191,-92.9840049883181,-45.3485780954377,63.4706376422644
13:04:03.200,-96.548757461988,-18.9395461424177,42.6136082388194,-44.2716741830506,-24.5410876923284,-141.788651186464,-92.8907129497294,-45.2380739884157,63.5192933699151
13:04:03.300,-96.3546406327089,-18.6204637505513,42.6243173380028,-44.5069619755298,-24.7154647526718,-141.605574390509,-92.7920403086913,-45.1246262619816,63.5476742216564
13:04:03.400,-96.1609901701185,-18.3016537268531,42.6506400126084,-44.7412948508697,-24.8910764819663,-141.422856158189,-92.693620116963,-45.0132728395568,63.5439477751319
13:04:03.500,-95.9677307971953,-17.9829767239867,42.6923712462302,-44.9743106548679,-25.0678306367038,-141.24097510217,-92.5960451034465,-44.8982363828345,63.4905895637129
13:04:03.600,-95.7747872298272,-17.6642933943779,42.7493226725618,-45.2056472375764,-25.2456349735348,-141.060426541318,-92.4994904749058,-44.7850435330705,63.4115808753928
13:04:03.700,-95.5820841881564,-17.3454643907698,42.8213082381555,-45.4349424462111,-25.4243972491892,-140.879943277888,-92.3991786193611,-44.6746335828208,63.3108342772899
13:04:03.800,-95.3895463937433,-17.0263503657468,42.9081300299635,-45.6618341265697,-25.604025220159,-140.69106859508,-92.3003954480805,-44.561948941862,63.1871409220171
13:04:03.900,-95.1970985638939,-16.7068119716551,43.0095641447527,-45.8859601272859,-25.7844266430947,-140.483308766415,-92.2023546422166,-44.4490852956878,63.05958566586
13:04:04.000,-95.0046654201684,-16.3867098611586,43.1253468714995,-46.1069582941576,-25.9655092747263,-140.245785720452,-92.1027606837241,-44.3390741595476,62.9324036826196
13:04:04.100,-94.812187046698,-16.0659414809373,43.2544089145948,-46.3246192123591,-26.1471998150986,-139.969448383676,-91.9988731143506,-44.2264825249578,62.7846763075359
13:04:04.200,-94.6196650161854,-15.7445514792174,43.39260973848,-46.5393443593386,-26.3295007325142,-139.65424820636,-91.8983390737461,-44.1148692905274,62.6526444849852
13:04:04.300,-94.4271162681588,-15.4226213110222,43.5349981147721,-46.7516879278128,-26.5124334361299,-139.304004805418,-91.7982208790531,-44.0028654555599,62.5352078131616
13:04:04.400,-94.2345577464003,-15.1002324316128,43.6765755672146,-46.9622041062441,-26.696019335023,-138.929567672906,-91.6996930131903,-43.8921831732609,62.438483174357
13:04:04.500,-94.042006390438,-14.7774662960124,43.8123095885553,-47.1714470873492,-26.8802798383502,-138.544250723546,-91.5975438208593,-43.7834177066655,62.347543455078
13:04:04.600,-93.8494791440541,-14.4544043593234,43.9371493133678,-47.3799710638449,-27.0652363549507,-138.162348036954,-91.4962208619804,-43.6739562602961,62.2838150583444
13:04:04.700,-93.6569929481947,-14.1311280767277,44.0460427272924,-47.5883302241936,-27.2509102939811,-137.799216914162,-91.392941389752,-43.5661252784087,62.2317026993143
13:04:04.800,-93.4645647466421,-13.8077189032484,44.1339558581766,-47.797078761112,-27.4373230645981,-137.469274741329,-91.2934815123384,-43.4591299796598,62.2001295550772
13:04:04.900,-93.2722114789242,-13.4842582941467,44.1958932965817,-48.0067708658987,-27.6244960757203,-137.17971126396,-91.1885436539433,-43.3499945849399,62.1776494301211
13:04:05.000,-93.0799500874054,-13.1608277043663,44.2269201998932,-48.2179607298524,-27.812450736425,-136.935849570452,-91.0889116938995,-43.2425630613468,62.1811709961545
13:04:05.100,-92.8877866643594,-12.8374974790276,44.22399849429,-48.4311358681909,-28.0012030555139,-136.741699552212,-90.9845462128647,-43.1357222437085,62.1845043888345
13:04:05.200,-92.6956838946085,-12.5142935222911,44.1914194302137,-48.6465171683877,-28.1907474451319,-136.595995407267,-90.8815616614339,-43.0265732843575,62.2011617643884
13:04:05.300,-92.5035936114665,-12.1912306280175,44.1352998822596,-48.8642588701982,-28.3810729195297,-136.495865728836,-90.7750186363453,-42.917836147994,62.2435733328461
13:04:05.400,-92.3114676496653,-11.8683235900676,44.0617218914615,-49.0845152147958,-28.5721684932756,-136.438137308219,-90.6765908590552,-42.810962050579,62.3024580756792
13:04:05.500,-92.1192578425189,-11.5455872024609,43.9767029904921,-49.3074404433538,-28.7640231807791,-136.419392090713,-90.572177509141,-42.7032707769777,62.3712177028133
13:04:05.600,-91.926916023341,-11.2230362588202,43.8861798361081,-49.533188799882,-28.9566259962115,-136.437293257237,-90.4725960188217,-42.5939956618264,62.4531765347584
13:04:05.700,-91.7343940282816,-10.9006855530856,43.7960052062833,-49.7619145227176,-29.1499659541411,-136.494423017805,-90.3720122317374,-42.4874502994888,62.5495026439578
13:04:05.800,-91.5416436892366,-10.5785498791972,43.7119575011444,-49.9937718558702,-29.3440320688188,-136.594390389821,-90.2688673426049,-42.3794461353705,62.6450304376996
13:04:05.900,-91.3486168409377,-10.2566440309365,43.6397628733543,-50.2289150390951,-29.5388133547332,-136.740424167131,-90.1680014985537,-42.2693785725464,62.7592400016511
13:04:06.000,-91.155265316699,-9.934982802323,43.5851295864799,-50.4674983149838,-29.7342988262147,-136.935225151596,-90.0717991200158,-42.1601789862371,62.8743164023003
13:04:06.100,-90.9615221823403,-9.61357177898922,43.5522165027649,-50.7094656150462,-29.9304657303285,-137.176762598574,-89.9738276804199,-42.0536240747256,63.0191497426776
13:04:06.200,-90.7672454095988,-9.29237970984387,43.5389413603599,-50.9539197200611,-30.1272442496062,-137.44643094998,-89.8706099591169,-41.94403659147,63.1566600863069
13:04:06.300,-90.5722741998814,-8.97136613255087,43.5417067839119,-51.1997531394333,-30.3245528015373,-137.723090923805,-89.7701515685013,-41.8331073597425,63.3037859235369
13:04:06.400,-90.3764477503406,-8.65049058517103,43.5569389807494,-51.4458583854036,-30.5223098036112,-137.990526296747,-89.6704596386996,-41.7275397792583,63.466770464971
13:04:06.500,-90.1796052595472,-8.32971260544762,43.5810549112337,-51.6911279687949,-30.7204336734762,-138.234760341409,-89.5693702907304,-41.6212102871993,63.6268974201252
13:04:06.600,-89.9815859260719,-8.00899173136209,43.6104394337012,-51.9344544004299,-30.9188428285423,-138.442985454697,-89.4657653072852,-41.5145322360051,63.79599200963
13:04:06.700,-89.7822289499035,-7.68828750089585,43.6414325220473,-52.1747301925496,-31.1174556864578,-138.603277430561,-89.3651363032191,-41.4101895924816,63.9812667581366
13:04:06.800,-89.5813735296128,-7.36755945163343,43.6703268615397,-52.4108478545588,-31.316190664474,-138.704170961515,-89.2635904643981,-41.3037841622077,64.1657204115105
13:04:06.900,-89.3788588623523,-7.04676712179441,43.6933760596294,-52.6416998986982,-31.514966180398,-138.732547220247,-89.1650894266633,-41.2007597189729,64.3618614924875
13:04:07.000,-89.1745241495291,-6.72587004912206,43.7068141587661,-52.866178837209,-31.7137006515604,-138.668283311696,-89.0630531739728,-41.0966707580559,64.5498816348103
13:04:07.100,-88.9682758245366,-6.4048715343978,43.7075999929989,-53.0836116851233,-31.9123477887509,-138.49557498324,-88.9607496780708,-40.9912997458878,64.7279396411913
13:04:07.200,-88.7602893579107,-6.08394997985173,43.6955917818457,-53.2950635523089,-32.1110024819136,-138.226602161774,-88.8582895074894,-40.8848882012976,64.8879920045816
13:04:07.300,-88.5508074904632,-5.76332757607494,43.6714037063031,-53.5020340882961,-32.3097949167535,-137.880420404536,-88.7521791061737,-40.7766027575127,65.0174916966482
13:04:07.400,-88.3400729686783,-5.44322651342035,43.6356730279535,-53.7060229454515,-32.5088552792933,-137.476626293687,-88.6455267576687,-40.6700040724053,65.1051593249256
13:04:07.500,-88.1283285362042,-5.12386898247905,43.5890421411668,-53.9085297733055,-32.708313755238,-137.036170529104,-88.5420036044102,-40.5584737643427,65.1467905363946
13:04:07.600,-87.9158169352707,-4.80547717384212,43.5321423452934,-54.1110542213884,-32.9083005306897,-136.581918465542,-88.4364899169336,-40.4466515497501,65.1578607346698
13:04:07.700,-87.7027809123623,-4.48827327786248,43.4655795045045,-54.3150959406487,-33.1089457915121,-136.140268101864,-88.3348697781807,-40.3351566044469,65.135686643696
13:04:07.800,-87.4894632082906,-4.17247948513123,43.3899213785488,-54.522154582035,-33.3103797236487,-135.745070847151,-88.2292816007431,-40.2225312680858,65.0850558818349
13:04:07.900,-87.2761065709581,-3.85831798600128,43.305686603708,-54.7337297964956,-33.5127325128837,-135.432967400092,-88.1249222502717,-40.1112482846903,65.0144030598737
13:04:08.000,-87.0629537411767,-3.54601097098435,43.2133349451342,-54.951321233561,-33.7161343451604,-135.241057316488,-88.0205311961514,-40.0006158552961,64.944146739604
13:04:08.100,-86.8501841432203,-3.23569434311264,43.1130245751597,-55.1759790758931,-33.9206642965833,-135.197032215983,-87.9147561861439,-39.8905853967129,64.8743708077928
13:04:08.200,-86.6377238884139,-2.92715881144347,43.003940215897,-55.4069558542359,-34.1261970275574,-135.292418640923,-87.8077974583744,-39.7834895296693,64.8123112583363
13:04:08.300,-86.4254357488547,-2.62010877556587,42.885063420643,-55.6430547430788,-34.3325561012705,-135.507050128286,-87.7009929774509,-39.6751699997456,64.7582401932641
13:04:08.400,-86.2131824966396,-2.31424863546577,42.7554260260322,-55.8830789112387,-34.5395650809107,-135.814515866196,-87.5958272104352,-39.567690284474,64.7260745352092
13:04:08.500,-86.0008269081203,-2.00928279057343,42.6141233452961,-56.1258315346233,-34.7470475295069,-136.187225646955,-87.4917197306777,-39.4612901681082,64.7103831777739
13:04:08.600,-85.7882317539757,-1.70491564071604,42.4603302846446,-56.3701157848857,-34.9548270102473,-136.598431634346,-87.3893215421764,-39.351189094109,64.7181518015439
13:04:08.700,-85.5752598077211,-1.40085158556199,42.2933200372116,-56.6147348336791,-35.1627270861608,-137.022630060206,-87.2874617867456,-39.2459253777775,64.7471458696562
13:04:08.800,-85.3617738428717,-1.09679502485908,42.1124847152982,-56.8584918554929,-35.3705713204355,-137.435747136257,-87.1862077885503,-39.1390024473571,64.7881719495717
13:04:08.900,-85.1476366329428,-0.792450358275712,41.9173576155789,-57.1001900205624,-35.5781832760211,-137.815678955177,-87.0888115568962,-39.0336421285745,64.851042493081
13:04:09.000,-84.9327109528677,-0.487521985559688,41.7076358603132,-57.3386325019586,-35.7853865161848,-138.143823583954,-86.9878171071548,-38.9281292013019,64.932030603473
13:04:09.100,-84.716924082508,-0.181781270383899,41.4848099034858,-57.572925062782,-35.9920457181767,-138.407957748762,-86.8872688271363,-38.8205319888175,65.0363169545804
13:04:09.200,-84.5004614107804,0.124732495878894,41.2568450996306,-57.8033838418473,-36.1981900183525,-138.615240770227,-86.7858818625099,-38.7094585998419,65.1535290544843
13:04:09.300,-84.2835728726552,0.431913022764615,41.0330510954286,-58.030627575089,-36.4038896691145,-138.776920322536,-86.6829033480461,-38.6019362757459,65.3002734605408
13:04:09.400,-84.0665083974304,0.739654019174133,40.8223893132513,-58.2552750055321,-36.6092149223093,-138.903626508137,-86.581181521073,-38.4922510940918,65.4472373750439
13:04:09.500,-83.8495179186584,1.04784919440523,40.6334685148062,-58.477944867693,-36.8142360303392,-139.00557681262,-86.4745601118464,-38.3826950992795,65.5869622803756
13:04:09.600,-83.6328513684734,1.35639225783506,40.4745820010904,-58.6992559031785,-37.0190232452097,-139.092207808182,-86.3659665714367,-38.2710573567794,65.7203438486506
13:04:09.700,-83.4167586790095,1.66517691844387,40.3537835111672,-58.9198268507594,-37.2236468190055,-139.170676284127,-86.2603885846603,-38.1619004840787,65.8371257943295
13:04:09.800,-83.2014897838192,1.97409688552945,40.2789986861085,-59.1402764477881,-37.4281770039701,-139.24751263836,-86.1520646954418,-38.0533983338849,65.9347063998119
13:04:09.900,-82.9872946136185,2.2830458683102,40.2581707305136,-59.3612234344535,-37.6326840521884,-139.329197821669,-86.0430717423771,-37.9445539482821,66.0215206611252
13:04:10.000,-82.7744231005416,2.5919175760045,40.2994402461112,-59.5832865481082,-37.8372382157451,-139.422169876856,-85.9417298174667,-37.834113468285,66.0974581896116
13:04:10.100,-82.5630893108709,2.90060730689889,40.4084571847524,-59.8069531352127,-38.041888103074,-139.531384238877,-85.8351970397643,-37.7197058677746,66.1698060947442
13:04:10.200,-82.3533638191184,3.20901671594937,40.5797823786471,-60.0321850580758,-38.2465957600709,-139.656081705075,-85.7305165104543,-37.6064317696187,66.2300252843159
13:04:10.300,-82.1452813268537,3.51704904765637,40.8054259695582,-60.258812822149,-38.4513015952518,-139.79406488386,-85.6288149683709,-37.4939846294915,66.2903680220531
13:04:10.400,-81.9388765342283,3.82460754644092,41.0775672386868,-60.4866669328841,-38.6559460170532,-139.943133259696,-85.5225898107941,-37.3816361785291,66.3426484630545
13:04:10.500,-81.7341841428118,4.13159545664469,41.3884030352869,-60.7155778943147,-38.8604694339116,-140.101101692329,-85.419452537004,-37.2726402052089,66.3917947876751
13:04:10.600,-81.5312388527555,4.4379160227681,41.7300170049888,-60.9453762175651,-39.0648122543432,-140.265815501627,-85.315985187046,-37.1639531292547,66.4582193356104
13:04:10.700,-81.3300753656292,4.74347248931158,42.0942678580661,-61.1758924052508,-39.2689148868637,-140.435022600225,-85.2139172718322,-37.0563889732456,66.5422037025016
13:04:10.800,-81.1307283815842,5.0481681005374,42.4726963983596,-61.4069569656596,-39.4727177399098,-140.605964126267,-85.1121598356882,-36.9476451171196,66.6184237548753
13:04:10.900,-80.933232600772,5.35190610086662,42.8564513349543,-61.6384004028253,-39.6761612218386,-140.775798526996,-85.0077099080222,-36.8366009707127,66.6895777655198
13:04:11.000,-80.7376227261803,5.65458973495841,43.236234794935,-61.8700532250358,-39.8791857412456,-140.941742525249,-84.902468495272,-36.7253361653105,66.7541869970443
13:04:11.100,-80.5438068036132,5.95616207102142,43.6037938003736,-62.1017846639571,-40.0817462877638,-141.101437237684,-84.7952998038618,-36.6076329032104,66.7763919891063
13:04:11.200,-80.351186148035,6.25672551170868,43.9565864571866,-62.3336188589483,-40.2838561749391,-141.254025735742,-84.6856764408406,-36.4922532364272,66.7564655015928
13:04:11.300,-80.159035357665,6.55642230290942,44.2933877247379,-62.5656186741646,-40.4855432972759,-141.398997743334,-84.5773206621986,-36.3741380899774,66.6766572345714
13:04:11.400,-79.9666290321407,6.85539469035409,44.6128004989726,-62.7978469751793,-40.6868355494372,-141.536038426647,-84.4658152729525,-36.260800547137,66.5560383361418
13:04:11.500,-79.7732417725177,7.15378492017005,44.9132713769837,-63.0303666289839,-40.8877608260861,-141.665708481533,-84.3583193884269,-36.1489473045164,66.4039705905489
13:04:11.600,-79.5781481755973,7.45173523800838,45.1931110170679,-63.2632404968973,-41.0883470215682,-141.788796289882,-84.2536322180278,-36.0348023938457,66.1954766574325
13:04:11.700,-79.3806228410168,7.74938788975829,45.4505197394242,-63.496531445911,-41.2886220307053,-141.90609766197,-84.1540522777214,-35.918115925468,65.9626263352063
13:04:11.800,-79.1799403698319,8.04688512130901,45.6836189127914,-63.7303023401802,-41.4886137479223,-142.018415345286,-84.0488036566312,-35.7994497432468,65.7023602979211
13:04:11.900,-78.9753753588438,8.34436917854974,45.8904881729412,-63.9646160452783,-41.6883500677236,-142.126374858843,-83.9453536943293,-35.6794268877127,65.4189127007696
13:04:12.000,-78.7662024105263,8.6419823073697,46.0692087721327,-64.1995354267785,-41.8878588847722,-142.229858618192,-83.837278051092,-35.5569939554521,65.1164642846831
13:04:12.100,-78.551949159513,8.93985632890119,46.2188345472045,-64.4351020570761,-42.0871650721362,-142.32823005586,-83.7203531686796,-35.4338850519588,64.8049383311101
13:04:12.200,-78.3331554782735,9.23808136278796,46.342259615996,-64.671272367053,-42.2862814184879,-142.419613525105,-83.6053167167539,-35.3146881018486,64.499868532052
13:04:12.300,-78.1106143111449,9.53673710240857,46.4435303223502,-64.9079814986673,-42.485217692413,-142.501816452235,-83.494839940457,-35.1986456847399,64.207493887931
13:04:12.400,-77.8851186095549,9.8359032411416,46.5268740618264,-65.1451645981314,-42.6839836621003,-142.572636616837,-83.3901464225212,-35.08762641283,63.9329155733554
13:04:12.500,-77.6574613206768,10.1356594721274,46.5966407832591,-65.3827568116578,-42.8825890958177,-142.629865822959,-83.2924262750433,-34.9770317347984,63.6854466797241
13:04:12.600,-77.4284353902659,10.4360854890622,46.6572545747498,-65.6206932797867,-43.0810437621509,-142.671560605422,-83.1982630115028,-34.8652451377019,63.4662213929909
13:04:12.700,-77.1988337683317,10.7372609849276,46.71317609794,-65.8589091515667,-43.2793574290505,-142.69684862269,-83.1040266761284,-34.7504635505053,63.26947027533
13:04:12.800,-76.9694494034658,11.0392656533402,46.7688762895898,-66.097339570374,-43.477539865102,-142.705134311116,-83.0111695742781,-34.6326010394552,63.0932199326544
13:04:12.900,-76.7410752414233,11.3421791874406,46.8288215186138,-66.3359196781669,-43.6756008385737,-142.695831844642,-82.908788708199,-34.5105023004964,62.9171354238313
13:04:13.000,-76.5145042322139,11.6460812806866,46.8974703748629,-66.5745846239941,-43.8735501177335,-142.668363683313,-82.7965680865616,-34.3896677681204,62.7759773289057
13:04:13.100,-76.2903444758188,11.9509741337051,46.9780199309919,-66.8132789449055,-44.0714004956993,-142.622252967532,-82.6845317235934,-34.273051062517,62.6458410577339
13:04:13.200,-76.0684645302937,12.2565499084029,47.0686462562141,-67.0519847668275,-44.2691768634794,-142.557407482198,-82.5779096308295,-34.1573470796121,62.5278773523746
13:04:13.300,-75.8485480242508,12.5624232403564,47.1663133115798,-67.2906936036877,-44.4669071366143,-142.473840530648,-82.4778948062555,-34.0449138998351,62.4260972573777
13:04:13.400,-75.6302785863023,12.8682087650627,47.2680343022622,-67.5293969750861,-44.6646192308034,-142.372915219615,-82.3832141971941,-33.9331399191521,62.3520786012687
13:04:13.500,-75.4133398450605,13.1735211178602,47.3708650028299,-67.7680863992047,-44.8623410615078,-142.261334365933,-82.2896684358175,-33.8218814742296,62.279530319592
13:04:13.600,-75.1974154319737,13.4779749343253,47.4718944738633,-68.0067533928074,-45.0601005443475,-142.147103636567,-82.1920900273048,-33.7112922070315,62.22951070484
13:04:13.700,-74.9821889742362,13.7811848498758,47.5682326022093,-68.2453894726578,-45.2579255949422,-142.038188010173,-82.0902682606621,-33.5984547414256,62.1910449716742
13:04:13.800,-74.7673441032963,14.0827655000881,47.6569949998548,-68.4839861569381,-45.4558441288327,-141.942515750066,-81.9815089965041,-33.4847222587917,62.1695228456295
13:04:13.900,-74.5525644463483,14.3823315203005,47.7352845545135,-68.7225349638302,-45.6538840615593,-141.86799168604,-81.8727668519761,-33.3685003894677,62.1620433494418
13:04:14.000,-74.3375336334223,14.6794975460896,47.8001698368236,-68.9610274115159,-45.8520733088215,-141.819806928726,-81.7634985454312,-33.2543801112583,62.1759360053706
13:04:14.100,-74.122038768191,14.9740270065834,47.8502435558588,-69.1994557910565,-46.0504326743296,-141.792501267521,-81.657671836183,-33.1393140189471,62.2034132749786
13:04:14.200,-73.9062808786763,15.2662785392511,47.8903830807106,-69.4378154977934,-46.2489545198718,-141.778620064314,-81.5574201744602,-33.0256782448187,62.2486720021083
13:04:14.300,-73.6905644707967,15.556759591625,47.9270699469727,-69.6761027042017,-46.4476240983433,-141.770885358756,-81.4560277443721,-32.9173191205214,62.3054113798689
13:04:14.400,-73.4751940589796,15.8459776113961,47.9668549119956,-69.9143135756656,-46.6464266624804,-141.762012545793,-81.3594711545616,-32.8076312217814,62.3820976064415
13:04:14.500,-73.2604741548159,16.1344400462553,48.0163893420956,-70.152444283242,-46.8453474651785,-141.744713726171,-81.2599107844089,-32.6990502961821,62.4769928992767
13:04:14.600,-73.0467092670604,16.422654343735,48.0824433335973,-70.3904909965699,-47.0443717592532,-141.713612291364,-81.1586261560868,-32.5926350939886,62.5867129988504
13:04:14.700,-72.8342039087224,16.7111279516056,48.1719099896614,-70.6284498852878,-47.243484797441,-141.670947583212,-81.0570931045177,-32.486026999499,62.7242622372478
13:04:14.800,-72.6232625913927,17.0003683173199,48.2917942496494,-70.8663171204528,-47.4426718324783,-141.620857946091,-80.958280034864,-32.3772172996067,62.8798833609905
13:04:14.900,-72.4141898252444,17.2908828887277,48.4491855079393,-71.1040888717035,-47.6419181173397,-141.567465529823,-80.8591365160749,-32.2681293753802,63.0429041286916
13:04:15.000,-72.2072901204504,17.5831791132025,48.6512121617872,-71.3417613058425,-47.8412089047616,-141.514867688481,-80.7592417345399,-32.155948046471,63.2146170606784
13:04:15.100,-72.0027043452456,17.8776234466224,48.9015169574607,-71.5793349149598,-48.040529986087,-141.467199278414,-80.6570168454218,-32.0425896476074,63.4010498206576
13:04:15.200,-71.7999186497925,18.1740182667169,49.1897360646138,-71.8168274625153,-48.239869307403,-141.428830698398,-80.5533670902866,-31.9277210029263,63.5830740567727
13:04:15.300,-71.5982554784999,18.4720249046292,49.5017578777812,-72.0542610344201,-48.4392153531651,-141.404184719798,-80.4504545229863,-31.813951268163,63.7428705777881
13:04:15.400,-71.3970372743585,18.771304691423,49.8232193970426,-72.2916577165851,-48.6385566078288,-141.396492502929,-80.3440807740543,-31.6992596273987,63.8879854798076
13:04:15.500,-71.1955864817769,19.0715189583206,50.1395644221609,-72.5290395935035,-48.8378815558497,-141.404225129323,-80.2349382298548,-31.5840471223596,63.9894293407582
13:04:15.600,-70.993225543746,19.3723290363064,50.4361004645637,-72.7664287482501,-49.0371786818419,-141.424676329521,-80.1265229664544,-31.4726247447131,64.0901660666003
13:04:15.700,-70.7892769018383,19.6733962562854,50.6980513270934,-73.003847268154,-49.2364364702611,-141.455143352941,-80.0256345514927,-31.3623995196257,64.1895084797169
13:04:15.800,-70.5830630018806,19.9743819496388,50.9106019149971,-73.2413172362902,-49.4356434055628,-141.492915933308,-79.927011987358,-31.2554819477259,64.29043406429
13:04:15.900,-70.3739062868637,20.2749474471921,51.0589332515368,-73.4788607385697,-49.6347879722818,-141.535269300186,-79.8357606336334,-31.1469399672353,64.3921377810591
13:04:16.000,-70.1611291983601,20.5747540802472,51.1282461787188,-73.7164998594855,-49.8338586548737,-141.579780429685,-79.7407722839056,-31.036505112006,64.5132077584983
13:04:16.100,-69.9443531687647,20.8736105555782,51.1097797931984,-73.9542538061508,-50.0328440717907,-141.62523912197,-79.6526884985282,-30.9248712539035,64.6493607002472
13:04:16.200,-69.7243955994342,21.1719151027259,51.0188751535199,-74.1921302804136,-50.2317333767578,-141.670542963713,-79.5544173165025,-30.8091151830946,64.7805106811627
13:04:16.300,-69.5023729066556,21.4702133363879,50.8770144118874,-74.4301341067424,-50.4305158572583,-141.714543274286,-79.451191967094,-30.6939757838426,64.9269009347835
13:04:16.400,-69.2794014996256,21.7690508711824,50.7057776972257,-74.6682701096054,-50.6291808008551,-141.756099645859,-79.3470426199708,-30.5795439144402,65.0889787697593
13:04:16.500,-69.0565977903768,22.0689733218867,50.5268053997119,-74.9065431134709,-50.827717495111,-141.794079155295,-79.242585685339,-30.4669888558042,65.2651011888231
13:04:16.600,-68.8350781881057,22.37052630296,50.3617758309021,-75.1449579442255,-51.0261152274302,-141.827869929905,-79.1435022781205,-30.3531544726877,65.4640138298434
13:04:16.700,-68.6159591062634,22.6742554293384,50.2324013037843,-75.3835194249192,-51.2243632856929,-141.858921574991,-79.0439434083462,-30.2398078114793,65.6698474913793
13:04:16.800,-68.4003569554643,22.9807063155605,50.1604454260494,-75.6222323814385,-51.4224509571445,-141.889196061825,-78.9447456561234,-30.1286093927365,65.873812665093
13:04:16.900,-68.1893881463231,23.2904245763242,50.1677644975243,-75.8611016396699,-51.6203675293479,-141.920653528553,-78.8448105785074,-30.0189186947504,66.0731168010502
13:04:17.000,-67.9841690908727,23.6039558264064,50.2763717646544,-76.1001320226636,-51.8181022899452,-141.955252583509,-78.7438486832912,-29.9107379117972,66.2685568817459
13:04:17.100,-67.7854566336071,23.9216400010445,50.5018872918653,-76.3393297318892,-52.0156463777661,-141.994932894093,-78.6488367416014,-29.7998238427391,66.439631959884
13:04:17.200,-67.5925691106211,24.2429941783988,50.8335686587251,-76.5787064683133,-52.2129983363103,-142.041560854444,-78.5540633444854,-29.6930111063908,66.585144002489
13:04:17.300,-67.4044651656756,24.5673296865988,51.2539174419831,-76.8182753127401,-52.4101585602649,-142.09697898113,-78.4624524629298,-29.5830055789832,66.6910492741739
13:04:17.400,-67.2201034453678,24.8939578541709,51.7451608439665,-77.0580493403011,-52.6071274439201,-142.163019287881,-78.371319142758,-29.4686789237049,66.7706245099122
13:04:17.500,-67.0384425948766,25.2221900094032,52.2891716256933,-77.2980416318006,-52.8039053822013,-142.241498385586,-78.2698476293953,-29.3526939649281,66.793802158138
13:04:17.600,-66.8584412607994,25.5513374808222,52.8674386367069,-77.5382652623702,-53.0004927693985,-142.334211448489,-78.1659442323055,-29.2322460725643,66.7730745787812
13:04:17.700,-66.6790580883151,25.8807115966367,53.4610878005051,-77.7787333128141,-53.1968900001196,-142.442924893011,-78.0573759487391,-29.114937440668,66.7270848227916
13:04:17.800,-66.4992517226028,26.2096236853731,54.0509500668591,-78.0194588582639,-53.3930974688929,-142.560425256155,-77.9517711607791,-28.9977630598653,66.6443192453723
13:04:17.900,-66.3179808116779,26.5373850753195,54.6176694369377,-78.2604549795237,-53.5891155704849,-142.653574825964,-77.8473669166588,-28.8835988403259,66.5555572925927
13:04:18.000,-66.1342039993011,26.8633070948437,55.1418420028124,-78.5017347531434,-53.7849446992652,-142.719244645773,-77.7474359870645,-28.7689283753354,66.46122578564
13:04:18.100,-65.9470945372404,27.1868534308295,55.6070727125751,-78.7433006183015,-53.9805885645148,-142.763628321487,-77.6464647194464,-28.653049468083,66.3545999053262
13:04:18.200,-65.756684110709,27.5080972090681,56.0088882780488,-78.9851124703644,-54.1760641308736,-142.791807975013,-77.551008162301,-28.5378390467411,66.263000203039
13:04:18.300,-65.5632190157633,27.8272639161691,56.3461842795566,-79.2271195729994,-54.3713916761467,-142.808579930338,-77.4585165543422,-28.4266949391529,66.1823116020125
13:04:18.400,-65.3669455470415,28.1445790388214,56.6182447618868,-79.469271187038,-54.5665914782183,-142.818219146866,-77.367512010036,-28.3129945084949,66.1032923073611
13:04:18.500,-65.1681099977637,28.4602680636347,56.8246296637549,-79.7115165733115,-54.7616838147346,-142.822924275229,-77.2798993945437,-28.2011401353958,66.0430791622325
13:04:18.600,-64.9669586654046,28.7745564773771,56.9650639037519,-79.9538049954874,-54.9566889635006,-142.824382572507,-77.1930926723068,-28.0870442987341,65.9980950142592
13:04:18.700,-64.7637378431841,29.0876697666584,57.0393288822913,-80.1960857143969,-55.1516272022418,-142.824286180805,-77.1050270077572,-27.9717088799335,65.9760298030261
13:04:18.800,-64.5586938271588,29.3998334180881,57.0471580719646,-80.4383079922897,-55.3465188088426,-142.824327912127,-77.012352545075,-27.8564824743189,65.9612650719567
13:04:18.900,-64.3520729119669,29.7112729185139,56.9881354980967,-80.6804210928331,-55.5413840610286,-142.826198850848,-76.9191829234699,-27.7395293790735,65.952978155479
13:04:19.000,-64.1441213908284,30.0222137543866,56.861596226385,-80.9223742754404,-55.7362432365253,-142.830707079118,-76.8208785033819,-27.6258166094419,65.9635268419142
13:04:19.100,-63.9350725257938,30.3328752560857,56.6682032682306,-81.1641331874013,-55.9311089527782,-142.835596410467,-76.7243866411456,-27.514820145637,65.994489303767
13:04:19.200,-63.7251074329629,30.6434521241492,56.4150140733465,-81.4057290119121,-56.1259631888116,-142.839558658372,-76.6226097213537,-27.399867702736,66.0387487806182
13:04:19.300,-63.5143941873386,30.9541329012973,56.110725254987,-81.6472093115368,-56.3207802650367,-142.84174297514,-76.5270813686887,-27.2900311006223,66.0782858812169
13:04:19.400,-63.3031008681783,31.2651061297738,55.7641895903271,-81.8886216516757,-56.515534501706,-142.841298493074,-76.4288881538716,-27.1817912970208,66.149457933038
13:04:19.500,-63.0913955504853,31.5765603522991,55.384549821213,-82.1300135934747,-56.7102002190719,-142.837373420932,-76.3344497594969,-27.0734018994592,66.2411614617963
13:04:19.600,-62.8794463120987,31.8886841111964,54.981329959091,-82.3714327037522,-56.9047517373076,-142.829432711195,-76.2405954803203,-26.964291313111,66.340672102525
13:04:19.700,-62.6674212294397,32.2016659488685,54.5644810417242,-82.6129265422361,-57.0991633769035,-142.818214359062,-76.1466209964382,-26.8566623942005,66.4710295916725
13:04:19.800,-62.4554883817659,32.5156944080354,54.1443789772658,-82.8545426757447,-57.2934094579534,-142.804775363117,-76.0578375497047,-26.7491689876836,66.6197976223489
13:04:19.900,-62.243815842662,32.8309580308619,53.7317718106303,-83.0963286682603,-57.4874643008686,-142.79017461989,-75.9668383049394,-26.642603461216,66.7805829565095
13:04:20.000,-62.0325716913857,33.1476453600682,53.3376768521609,-83.3383320809287,-57.681302225822,-142.775473871034,-75.8812284833738,-26.5342574723315,66.9681918641766
13:04:20.100,-61.8218736906275,33.4658758101794,52.9703294936127,-83.5805868240046,-57.8749114493551,-142.761186637957,-75.7949926140106,-26.4229517040104,67.161113156353
13:04:20.200,-61.6116382914306,33.7854922045117,52.6262208740076,-83.8230721843239,-58.0683357740383,-142.74562252057,-75.7117824719244,-26.3107363298442,67.3751734429816
13:04:20.300,-61.401731601327,34.1062681993685,52.2986182329222,-84.0657537964132,-58.2616329000009,-142.727363953296,-75.6192476763236,-26.2001479224321,67.5968048006731
13:04:20.400,-61.192019729267,34.4279774504975,51.9805527938519,-84.3085972891265,-58.4548605270547,-142.708288752713,-75.5320495524315,-26.0838976933461,67.8111668109199
13:04:20.500,-60.9823687842005,34.7503936140432,51.6649127863858,-84.5515682955722,-58.6480763552499,-142.691097519567,-75.4398384968068,-25.9689518169211,67.9940805253268
13:04:20.600,-60.7726448736597,35.073290346071,51.3445041434242,-84.7946324474406,-58.8413380844776,-142.678488513283,-75.3484763405593,-25.8513872278868,68.156618539062
13:04:20.700,-60.5627141065947,35.3964413025667,51.0120799133726,-85.03775537784,-59.0347034145497,-142.673157662973,-75.2561995107826,-25.7333885184242,68.2885094484144
13:04:20.800,-60.3524425891192,35.719620139516,50.6603393610293,-85.2809027170428,-59.2282300456749,-142.67779994561,-75.1606095830399,-25.6174095114689,68.3745690410272
13:04:20.900,-60.1416964330198,36.0426005129843,50.2818990529929,-85.5240400981571,-59.4219756774271,-142.693638046759,-75.0642050618322,-25.499334100137,68.3975840073336
13:04:21.000,-59.9303417458285,36.3651560790367,49.8692370360222,-85.7671331514553,-59.6159980100943,-142.716001700477,-74.9666152076158,-25.3813945247595,68.36211420773
13:04:21.100,-59.7183188882109,36.6871213919291,49.4177478871666,-86.0101561365128,-59.8103373053351,-142.73929035517,-74.8712798790636,-25.2647516807396,68.2846328056703
13:04:21.200,-59.5058652801661,37.0085746294001,48.9350952116484,-86.2531178116823,-60.0049640806882,-142.760080613312,-74.7784297203633,-25.1425176132359,68.1405939756386
13:04:21.300,-59.2932926118445,37.3296548825411,48.4318630337634,-86.4960355603656,-60.1998314202229,-142.775491856761,-74.6881219657059,-25.0265510561507,67.9599309570657
13:04:21.400,-59.0809125762325,37.6505012425226,47.9184974091163,-86.7389267673825,-60.39489240777,-142.782642570745,-74.6005557357322,-24.9089727426895,67.7426392647463
13:04:21.500,-58.8690368620623,37.9712528003565,47.4053644287834,-86.9818088132985,-60.5901001273192,-142.778652229135,-74.5140109486571,-24.7895618174657,67.485319111175
13:04:21.600,-58.6579771609024,38.2920486470546,46.9027927706737,-87.2246990829335,-60.7854076625427,-142.76170206425,-74.4261531999726,-24.6718570962457,67.2017878472449
13:04:21.700,-58.4480451643212,38.613027873867,46.4211039051499,-87.4676149611071,-60.9807680975095,-142.734207738976,-74.3359328685951,-24.5522216951035,66.8951390182442
13:04:21.800,-58.2395525624689,38.9343295718055,45.9706328581653,-87.7105738269669,-61.1761345159711,-142.699642828464,-74.2463266415489,-24.4310226679014,66.5848013771766
13:04:21.900,-58.0328110469141,39.256092831882,45.5617422899407,-87.9535930681689,-61.3714600019172,-142.661478350015,-74.1558364306617,-24.3090660924334,66.2662611108945
13:04:22.000,-57.828132309225,39.5784567451876,45.2048313606764,-88.1966900652785,-61.5666976392582,-142.623180602918,-74.0633388382066,-24.1900983041588,65.9635377103336
13:04:22.100,-57.6257400929833,39.9015534010071,44.9075789136905,-88.4398759449208,-61.7618146565795,-142.587781584764,-73.9698860662587,-24.067803188909,65.6650011262927
13:04:22.200,-57.42550627608,40.2254868733012,44.6667077139948,-88.6831368066142,-61.9568348628337,-142.556594352866,-73.8733274896522,-23.9472055723194,65.3662242138493
13:04:22.300,-57.2272147373666,40.5503542304932,44.4763396216353,-88.9264524916822,-62.1517962122046,-142.530170245112,-73.7764584892829,-23.8284827859956,65.0785994490066
13:04:22.400,-57.0306493599491,40.8762525408477,44.330723246224,-89.1698028414485,-62.3467366586377,-142.507735113836,-73.6797917237617,-23.7070365980502,64.7969220701908
13:04:22.500,-56.8355940269334,41.2032788730261,44.2241907137886,-89.4131676958186,-62.5416941563163,-142.488184901692,-73.5860467538202,-23.5887942249373,64.5294240895764
13:04:22.600,-56.6418326200074,41.5315302952929,44.1511237337769,-89.6565268989523,-62.7367066594243,-142.470416798298,-73.4946704645182,-23.4691454227702,64.2613252349047
13:04:22.700,-56.4491490222769,41.8611038760713,44.1059301304972,-89.899860290755,-62.931812121907,-142.453329292682,-73.4032694345712,-23.3502402902029,64.0105429352259
13:04:22.800,-56.2573271154299,42.1920966837846,44.0830307481312,-90.1431477139685,-63.1270484979479,-142.435821924148,-73.3176098551809,-23.2293940930443,63.7780245002646
13:04:22.900,-56.0661507825723,42.5246057869355,44.076857485731,-90.3863690084983,-63.3224537418102,-142.416651601533,-73.2252720700481,-23.111122769647,63.5608266400734
13:04:23.000,-55.8754039039736,42.8587282538679,44.0818621820487,-90.629504015668,-63.5180658073598,-142.394000923259,-73.1348952582744,-22.9903648224487,63.35914172314
13:04:23.100,-55.6849050955084,43.194490501629,44.0929769923376,-90.872531940062,-63.7139174189379,-142.366016366133,-73.0419152828035,-22.8701180266657,63.1680526232056
13:04:23.200,-55.4946118970337,43.5316363131843,44.1069510033456,-91.1154294308,-63.9100203836588,-142.331271097401,-72.9498424931506,-22.7473112379847,62.9874306397872
13:04:23.300,-55.3045165925201,43.8698388063901,44.1210302478296,-91.3581725002625,-64.1063812804615,-142.288442410207,-72.8556772598317,-22.6285876881653,62.8314711939293
13:04:23.400,-55.1146114616838,44.2087710987852,44.1325290614649,-91.6007371608299,-64.3030066883644,-142.236203095368,-72.7603723997397,-22.5076518451938,62.6955856451709
13:04:23.500,-54.924888784241,44.5481063079879,44.138836456815,-91.8430994234645,-64.4999031860684,-142.173219002192,-72.6643597155522,-22.3891198264285,62.5803000476588
13:04:23.600,-54.7353408427441,44.8875175516957,44.1374139943614,-92.0852353005469,-64.6970773525916,-142.098637545356,-72.5672656456526,-22.2684817658401,62.4669133867218
13:04:23.700,-54.5459599169094,45.2266779475268,44.1257860376648,-92.3271208030395,-64.8945357666349,-142.013563014909,-72.4712091271571,-22.1469338828525,62.3909080822734
13:04:23.800,-54.3567382878711,45.56526061302,44.1015229843928,-92.5687319447408,-65.0922850072168,-141.919590881762,-72.3729142865174,-22.0294154380771,62.3298967885425
13:04:23.900,-54.1676682367637,45.9029386659524,44.0622179847066,-92.810044733777,-65.2903316533554,-141.818320093824,-72.273116019875,-21.9100982901003,62.299971653966
13:04:24.000,-53.9787420433031,46.2393852239421,44.0054576353421,-93.0510351867829,-65.4886822835929,-141.711355650758,-72.1747697395118,-21.7940921915099,62.3019707145848
13:04:24.100,-53.7899383575864,46.5743455798788,43.9297446683235,-93.2916857686173,-65.6873470334184,-141.600345080588,-72.0740363428572,-21.6771885501162,62.319199225732
13:04:24.200,-53.6011813013061,46.90785379696,43.8373339788918,-93.5320047682328,-65.8863502629335,-141.487087474844,-71.9762581145667,-21.5558642071336,62.3672740747477
13:04:24.300,-53.4123813537724,47.240016148265,43.7313520580121,-93.7720069270605,-66.085719888949,-141.372629227962,-71.879498172424,-21.4370482653617,62.432948813826
13:04:24.400,-53.2234489999679,47.5709389067145,43.6148650966216,-94.0117069922039,-66.2854838280373,-141.254802772716,-71.7807553085693,-21.3221282634082,62.5247692319203
13:04:24.500,-53.0342947192026,47.9007283452291,43.4909040581855,-94.2511197036757,-66.485669996771,-141.130633361057,-71.6872977320069,-21.204713685248,62.6467331523529
13:04:24.600,-52.8448289964593,48.2294907368883,43.3624857338685,-94.4902598071613,-66.6863063118019,-140.997145475503,-71.5922610865434,-21.0877977511604,62.7845364373514
13:04:24.700,-52.6549623138843,48.5573323546127,43.2326292039141,-94.7291420440917,-66.8874206896231,-140.851364568847,-71.4946299818466,-20.9700886528984,62.9448869423137
13:04:24.800,-52.4646051522059,48.8843594714818,43.1043688869931,-94.9677811587341,-67.0890410471248,-140.690318971602,-71.4001620961012,-20.8549369879423,63.1201655513138
13:04:24.900,-52.2736679935705,49.2106783604162,42.9807637718248,-95.2061918967739,-67.2911953005617,-140.512491211272,-71.3080394706266,-20.7392893389238,63.3099924328665
13:04:25.000,-52.0820613229606,49.5363952944159,42.8649031623021,-95.4443889982239,-67.4939113666653,-140.322162668481,-71.211097360134,-20.6246964017719,63.5141505029112
13:04:25.100,-51.8897061436075,49.8615949512531,42.7591073465531,-95.682382215544,-67.6972074354949,-140.125181492065,-71.1172342914057,-20.5079487691946,63.7315793438107
13:04:25.200,-51.6965655586808,50.1862756210401,42.66251690381,-95.9201613297105,-67.9010627967724,-139.927865846848,-71.0189089893964,-20.3895168490209,63.9458795103887
13:04:25.300,-51.5026131981076,50.5104139954863,42.5734854926226,-96.1577111313105,-68.1054470171204,-139.736622708684,-70.9223873776903,-20.27218022633,64.1465132806839
13:04:25.400,-51.3078226889786,50.8339867662215,42.4903772082393,-96.3950164095129,-68.310329662923,-139.557825906735,-70.8219123240816,-20.152290064971,64.3331411823111
13:04:25.500,-51.1121676612207,51.1569706248755,42.411564376465,-96.6320619563231,-68.515680300882,-139.396049334148,-70.7198846794224,-20.0290678425346,64.4901633764765
13:04:25.600,-50.9156217419249,51.4793422633163,42.33542588598,-96.8688325594917,-68.7214684973021,-139.248792777366,-70.6181092585908,-19.906549429474,64.6124838802014
13:04:25.700,-50.7181585581817,51.801078373015,42.2603462544707,-97.1053130124423,-68.9276638188852,-139.11186437941,-70.5167968619224,-19.7879220419327,64.7237998038384
13:04:25.800,-50.5197517399182,52.1221556457601,42.1847153946668,-97.3414881000893,-69.1342358320155,-138.981149886016,-70.4142526105865,-19.6693510220151,64.8249886325128
13:04:25.900,-50.3203749156432,52.4425507731816,42.106929031468,-97.5773426186923,-69.3411541033946,-138.852611180347,-70.3124610883401,-19.5459370189476,64.912618748047
13:04:26.000,-50.1200017124476,52.7622404468299,42.0253898131131,-97.8128613545842,-69.5483881993274,-138.723410848183,-70.2137420135672,-19.4254787623953,64.979932744742
13:04:26.100,-49.9186893163057,53.081194775268,41.9398405880982,-98.0480213071618,-69.7559106159483,-138.594979308136,-70.1162473709846,-19.3063851556938,65.0586521418335
13:04:26.200,-49.7168292054515,53.3993575278853,41.8553442012035,-98.2827682997164,-69.9637055665662,-138.468895467015,-70.0218147129339,-19.182438846156,65.132941598913
13:04:26.300,-49.5148964524559,53.7166658883058,41.7782596296101,-98.5170403671853,-70.1717601941609,-138.346379785739,-69.9265898422997,-19.0643603017767,65.2112924881197
13:04:26.400,-49.313366132726,54.0330570396766,41.7149149369259,-98.7507755430878,-70.3800616413946,-138.228512517621,-69.8344235612012,-18.9436995316756,65.2907622933748
13:04:26.500,-49.1127133159964,54.3484681656216,41.6716308295065,-98.983911859525,-70.5885970509294,-138.116249373501,-69.7402462156589,-18.8245982277814,65.3767567634701
13:04:26.600,-48.9134130734199,54.6628364495263,41.6547587883426,-99.2163873500162,-70.7973535655863,-138.010441548687,-69.6473297467546,-18.7064624893328,65.4768122319596
13:04:26.700,-48.7159404804035,54.976099074935,41.6707343517266,-99.4481400480805,-71.0063183279481,-137.910920086415,-69.5508337450054,-18.5853114673409,65.5792031978679
13:04:26.800,-48.5207706066819,55.2881932249157,41.7261457984159,-99.6791079886553,-71.2154784809152,-137.813765463005,-69.4539284249836,-18.4668705945488,65.6973023749174
13:04:26.900,-48.3283785262441,55.5990560833303,41.8278197278039,-99.9092292038418,-71.4248211672292,-137.714224970672,-69.3551158814549,-18.3470606646988,65.83165376476
13:04:27.000,-48.1392393102428,55.9086248333263,41.9829246515131,-100.138441724323,-71.6343335296316,-137.607640496705,-69.2600285847466,-18.2288129695809,65.9904845613815
13:04:27.100,-47.9536327806767,56.2168844529783,42.1961471015718,-100.366715762339,-71.8440153629994,-137.489808392762,-69.1613362700316,-18.1076141347213,66.1585705186083
13:04:27.200,-47.7710577132933,56.5240111086443,42.4607203270985,-100.594150191129,-72.053917061305,-137.358107392982,-69.0676892983437,-17.9875726584014,66.3380473103437
13:04:27.300,-47.5908176091601,56.8302287659752,42.7667863774605,-100.820876051307,-72.2641016658136,-137.210546472327,-68.9708561822619,-17.866026370118,66.5244880860199
13:04:27.400,-47.4122159750168,57.1357613911781,43.104110247296,-101.047024382068,-72.4746322177114,-137.04730592936,-68.875937723509,-17.745928455445,66.6980064891442
13:04:27.500,-47.2345563119308,57.4408329498245,43.4619349089126,-101.272726221192,-72.6855717581049,-136.875941423913,-68.7814889016459,-17.6260734895083,66.8647035971647
13:04:27.600,-47.0571421266418,57.7456674078833,43.8288815463044,-101.498112607874,-72.8969833284183,-136.705478328096,-68.6858148435144,-17.5006473816605,66.9942060593299
13:04:27.700,-46.879276917381,58.0504887312437,44.1928998038561,-101.72331458273,-73.1089299695995,-136.544468773146,-68.5909081027456,-17.3731202847309,67.0803662211001
13:04:27.800,-46.7002641937243,58.3555208856362,44.5412744661855,-101.948463182118,-73.3214747229933,-136.401009726926,-68.4931263192105,-17.2471215635066,67.1248445109384
13:04:27.900,-46.519407455321,58.6609878371089,44.8606942145192,-102.173689445236,-73.5346806297857,-136.282861197175,-68.394254317868,-17.1135430602169,67.1081314744195
13:04:28.000,-46.3360102060746,58.9671135513925,45.1373876370937,-102.399124412698,-73.7486107311627,-136.194903628785,-68.2963863235516,-16.983479379654,67.0348758466209
13:04:28.100,-46.1495968217629,59.2740756057001,45.3610207503179,-102.624858369564,-73.9633138586213,-136.130686902637,-68.1959148478775,-16.8535276957688,66.9181941259112
13:04:28.200,-45.9605753230721,59.5818659870578,45.5361919145074,-102.850818597114,-74.1787820079989,-136.079225435505,-68.0938046611318,-16.7219471441697,66.7598908366767
13:04:28.300,-45.7695746890687,59.8904302757957,45.6716939532347,-103.076891629582,-74.3949929668727,-136.029086846948,-67.9919498294382,-16.5911736932011,66.5687138523226
13:04:28.400,-45.5772238959826,60.1997140526409,45.7767115729941,-103.302964001203,-74.6119245229787,-135.96883397771,-67.8896501057543,-16.4587024224723,66.350473616515
13:04:28.500,-45.3841519228802,60.5096628978445,45.8606803430147,-103.528922246211,-74.8295544640528,-135.887107472458,-67.785539301907,-16.3271147461039,66.1191559961176
13:04:28.600,-45.1909877474096,60.8202223922127,45.9331792944946,-103.754652897422,-75.0478605776723,-135.775456184012,-67.6822836896666,-16.1951126160296,65.8801771606032
13:04:28.700,-44.9983603458009,61.1313381159966,46.0038596256044,-103.98004249049,-75.266820651732,-135.636208258007,-67.5804262032392,-16.0641552874601,65.6504425678757
13:04:28.800,-44.8068986971203,61.4429556498439,46.0824103702303,-104.20497755823,-75.4864124735708,-135.474318064199,-67.475178597528,-15.9318293463716,65.4249658263978
13:04:28.900,-44.617231779016,61.7550205741642,46.1785607896622,-104.429344633459,-75.7066138311631,-135.294542790666,-67.3717730637293,-15.8033577026732,65.217013237015
13:04:29.000,-44.4299885677182,62.0674784696053,46.3021198290706,-104.653030250411,-75.9274025120859,-135.101305486793,-67.2658405423473,-15.6742885132319,65.0088669433064
13:04:29.100,-44.2456329453567,62.3802535754503,46.4601040255355,-104.875942789568,-76.1487443940024,-134.899284043168,-67.1654035597781,-15.5439276964552,64.8184943513681
13:04:29.200,-44.063968383627,62.6931847636989,46.6478953296137,-105.09807798804,-76.3705577254773,-134.695383565425,-67.061510839767,-15.4120276913559,64.6268404878335
13:04:29.300,-43.8846332530338,63.0060895641129,46.8579361693595,-105.319453420676,-76.5927488500828,-134.496701457224,-66.9642198246333,-15.2832832807538,64.4456697026084
13:04:29.400,-43.7072659212453,63.3187855066128,47.0825987850736,-105.540086662325,-76.8152241116295,-134.30888612675,-66.8669095229714,-15.1529932420467,64.2721607163081
13:04:29.500,-43.5315047516757,63.631090120881,47.3141382080754,-105.759995286418,-77.0378898537688,-134.133326989215,-66.7742403413944,-15.0245827708035,64.1139640324871
13:04:29.600,-43.356988117666,63.9428209364412,47.5446611287036,-105.979196867803,-77.2606524201525,-133.970702317063,-66.6785699618845,-14.8963418294272,63.9488426856874
13:04:29.700,-43.1833543812119,64.2537954832934,47.7661101292672,-106.197708979911,-77.4834181545909,-133.822042027948,-66.584469481666,-14.7685589195172,63.7906767648625
13:04:29.800,-43.0102419142364,64.5638312910407,47.9702640317022,-106.415549197591,-77.706093400577,-133.688682009453,-66.4874859462633,-14.6404089457427,63.6431141918128
13:04:29.900,-42.8372890829897,64.8727458894447,48.1487541124077,-106.632735095693,-77.9285845020799,-133.572210740544,-66.3881019698471,-14.5140275839282,63.4960100533907
13:04:30.000,-42.6641342537221,65.1803568082673,48.2930966145522,-106.849284247646,-78.1507978025925,-133.473391481388,-66.2856562074367,-14.3859375348039,63.343936490513
13:04:30.100,-42.4905001627363,65.4865590843904,48.39711464667,-107.065221101961,-78.3726783144672,-133.388353826094,-66.180263934328,-14.2596691037547,63.2094085377213
13:04:30.200,-42.316447069088,65.7915578363611,48.4641501257625,-107.280597601798,-78.5943257117606,-133.309633315349,-66.0736153452778,-14.1337772285095,63.0866643190074
13:04:30.300,-42.1421196302478,66.095635715249,48.500020596257,-107.495472563976,-78.815878330721,-133.229057209859,-65.9681168700504,-14.0090491503956,62.9716980035538
13:04:30.400,-41.9676624994321,66.3990753726791,48.5106321389395,-107.709904803899,-79.0374745077554,-133.138383765277,-65.8638702550091,-13.8866376669827,62.8812532242746
13:04:30.500,-41.7932203355295,66.702159460118,48.5019553934101,-107.923953136967,-79.2592525793499,-133.02930021654,-65.7619398172885,-13.7640165527135,62.8263195100848
13:04:30.600,-41.6189377945926,67.0051706291113,48.4800027613196,-108.137676382839,-79.4813508818322,-132.895801019483,-65.6623296595304,-13.6413835054301,62.803086858121
13:04:30.700,-41.4449595284195,67.3083915309668,48.4508066491572,-108.351133354081,-79.7039077514503,-132.741429051987,-65.5668781353179,-13.5183662965187,62.8145309807106
13:04:30.800,-41.271430195899,67.6121048173094,48.4203993021431,-108.56438286893,-79.9270615246906,-132.572175745174,-65.473804028826,-13.3926867929508,62.8616332714576
13:04:30.900,-41.0984944530836,67.9165931394469,48.3947936572679,-108.77748374279,-80.1509505378012,-132.394117260906,-65.3826374677555,-13.2671152510754,62.922010025044
13:04:31.000,-40.9262969546077,68.222139148925,48.3799658746876,-108.990494793899,-80.3757131274272,-132.213429014004,-65.2899076413922,-13.1406107521184,63.02577381955
13:04:31.100,-40.7549501395128,68.5289625642217,48.379997786795,-109.20346275238,-80.6014543456741,-132.036769608681,-65.1986533478902,-13.0134783009515,63.164642276622
13:04:31.200,-40.5844375901417,68.8370313701943,48.3915689318201,-109.416386032768,-80.8281461417344,-131.872396438074,-65.1093671396546,-12.8839538081637,63.3429624226493
13:04:31.300,-40.414710667572,69.146250618315,48.4095364938286,-109.629250971407,-81.0557271969314,-131.728963258593,-65.0107117217699,-12.7545018348477,63.5414037408078
13:04:31.400,-40.2457207328812,69.4565253597382,48.4287973908333,-109.842043907481,-81.2841361925882,-131.615112596395,-64.9132794044542,-12.6260111355091,63.7813539995195
13:04:31.500,-40.0774191528193,69.7677606458565,48.4442965425237,-110.05475117308,-81.513311810028,-131.535317200829,-64.8043693806247,-12.4961981925613,64.0437183643729
13:04:31.600,-39.9097572870457,70.0798615279834,48.4510293081651,-110.267359107386,-81.7431927304153,-131.477463178584,-64.6995263679867,-12.3659182981547,64.3241704835266
13:04:31.700,-39.7426864994741,70.3927330574321,48.4440388881402,-110.479854045326,-81.9737176352321,-131.425299136574,-64.5906849006745,-12.2391729645619,64.602820533207
13:04:31.800,-39.5761581540182,70.7062802855952,48.4184079450519,-110.692222323246,-82.2048252055634,-131.362623390003,-64.4791660959464,-12.1111678196863,64.8720904022056
13:04:31.900,-39.4101236131738,71.0204082636273,48.3692453744972,-110.904450278911,-82.4364541229705,-131.273359102092,-64.3728612722447,-11.984079087183,65.1452870936615
13:04:32.000,-39.2445342394365,71.335022042921,48.2916681362157,-111.116524247246,-82.668543068618,-131.146632593184,-64.2662100199519,-11.8592145932294,65.4084835593378
13:04:32.100,-39.079320428293,71.6500210601034,48.1830094968193,-111.328422471347,-82.9010362772323,-130.991324205913,-64.1617311412216,-11.7339805568683,65.6811043875754
13:04:32.200,-38.9143286930136,71.9652822884524,48.0494834283293,-111.540090826976,-83.1339001953277,-130.819944099531,-64.0590626874801,-11.6082667912512,65.954312176783
13:04:32.300,-38.7493845699326,72.28067708521,47.8994819100438,-111.751467096644,-83.3671068217107,-130.644367420412,-63.958509323476,-11.4800240963273,66.2176219017442
13:04:32.400,-38.5843135982209,72.5960768075391,47.7413650808068,-111.96248906286,-83.60062815487,-130.476102528922,-63.861547635739,-11.3553968184622,66.4893256004964
13:04:32.500,-38.418941317049,72.9113528125229,47.5834790889702,-112.173094509555,-83.8344361937706,-130.326359116272,-63.764151873485,-11.2269649171055,66.773104444532
13:04:32.600,-38.2530932655878,73.226376457245,47.4341662988565,-112.383221219238,-84.0685029369808,-130.203067034241,-63.6674090736625,-11.0953915564009,67.0458296386331
13:04:32.700,-38.0865949801716,73.5410190987091,47.3017681548679,-112.592806975839,-84.3028003834657,-130.101765836384,-63.5730714627429,-10.9618425847097,67.3166327401846
13:04:32.800,-37.9192719999712,73.8551520941576,47.1946215559731,-112.801789561868,-84.5373005317934,-130.015126001084,-63.47410839637,-10.8251209708478,67.5765132381058
13:04:32.900,-37.7509498641573,74.1686468006737,47.1210487614862,-113.010106759837,-84.7719753806909,-129.935976940634,-63.380242138274,-10.6883920913136,67.8048309502613
13:04:33.000,-37.5814541104825,74.4813745754201,47.0893411568432,-113.217696353673,-85.0067969288851,-129.857235673252,-63.2807865904023,-10.5504874236057,68.001714433905
13:04:33.100,-37.4106703031822,74.7932335968199,47.1045085158083,-113.424516162606,-85.2417496383888,-129.772105845457,-63.1828422696504,-10.413071344657,68.1801569712067
13:04:33.200,-37.2387241719851,75.1042293600894,47.1586017457917,-113.630604148478,-85.4768678249131,-129.676332330322,-63.0847395653759,-10.2768525326568,68.3447593824379
13:04:33.300,-37.0658015028832,75.4143941967877,47.2404628778618,-113.83601831127,-85.7121982685666,-129.572244473313,-62.9850277151432,-10.1419048124338,68.5017370495716
13:04:33.400,-36.8920880861231,75.723760438871,47.3389829852254,-114.040816650961,-85.9477877489814,-129.463670901789,-62.8850830169531,-10.0069959743696,68.6730501851348
13:04:33.500,-36.7177697076968,76.0323604178189,47.4431175687995,-114.245057167529,-86.1836830463451,-129.354307804576,-62.7894051156972,-9.87251056191937,68.8368017307447
13:04:33.600,-36.5430321592691,76.3402264656669,47.541896780188,-114.448797860955,-86.4199309403693,-129.247698433069,-62.6934694046112,-9.74032488352052,69.0250479441048
13:04:33.700,-36.368061226832,76.6473909138947,47.624429997248,-114.652096731217,-86.6565782110037,-129.147236936034,-62.5942198255162,-9.61008347341025,69.2249095794162
13:04:33.800,-36.193042699214,76.9538860942203,47.6799046000233,-114.855011778295,-86.8936716380391,-129.056193707841,-62.4990974372534,-9.47881658312698,69.4431345675139
13:04:33.900,-36.0181623638252,77.2597443385204,47.6975787172706,-115.057601000751,-87.1312580015838,-128.976628011886,-62.4069687705575,-9.35007217443001,69.6915026021344
13:04:34.000,-35.8436060109122,77.5649979785128,47.6667679104199,-115.25992239998,-87.3693840815082,-128.906096818548,-62.3140462774494,-9.22164723090235,69.9601120211453
13:04:34.100,-35.6694430932487,77.8696570522055,47.579616110042,-115.462021831124,-87.6080811604182,-128.841154032249,-62.2217454813251,-9.09290864336412,70.2640814858341
13:04:34.200,-35.4952776810996,78.1736424122886,47.4394296238391,-115.663896569959,-87.8473185407528,-128.778473296503,-62.1323483755522,-8.96155609581477,70.5938660014851
13:04:34.300,-35.3205974803128,78.476852612344,47.2522826596308,-115.865531753096,-88.0870500317355,-128.714798554088,-62.0403205745627,-8.83379895249623,70.9447724853443
13:04:34.400,-35.1448901967359,78.7791862059539,47.024246881344,-116.066912518562,-88.3272294424307,-128.646941000403,-61.9501846458544,-8.70502201830999,71.3175618892447
13:04:34.500,-34.9676435390529,79.0805417468591,46.7614114470978,-116.268023998714,-88.5678105820618,-128.571807673402,-61.8565196100638,-8.57453021859511,71.67172523421
13:04:34.600,-34.7883452145298,79.3808177885623,46.4698964421791,-116.46885133158,-88.8087472597726,-128.487568775678,-61.7588408718965,-8.44250465933139,72.0154091091835
13:04:34.700,-34.6064829290142,79.6799128848837,46.1558598140229,-116.66937965377,-89.0499932847865,-128.396931505915,-61.6597162368876,-8.31085287162867,72.3375988642402
13:04:34.800,-34.4215443897721,79.9777255892467,45.8254974678493,-116.869594099057,-89.2915024662473,-128.303547055224,-61.5594805418576,-8.17943002484166,72.6274520238978
13:04:34.900,-34.2330173040693,80.2741544552332,45.4850368773784,-117.069479804052,-89.533228613299,-128.210820511378,-61.4585180751362,-8.04657984709448,72.8932072496184
13:04:35.000,-34.0403893791717,80.5690980366636,45.1407246118992,-117.269021906784,-89.7751255350856,-128.121907622147,-61.3621800867784,-7.91664619498098,73.1411468496355
13:04:35.100,-33.8433386023819,80.8625131576088,44.7981925149525,-117.468213316616,-90.0171584171387,-128.039384069402,-61.2660183928882,-7.78523025386908,73.3851237163438
13:04:35.200,-33.6423042768517,81.1545897854569,44.4605627892602,-117.667078055203,-90.2593379502244,-127.964317084854,-61.1784574326747,-7.65237067563045,73.6176672827666
13:04:35.300,-33.4379160864564,81.445576188171,44.1302376951618,-117.865647918373,-90.5016862015757,-127.897575736619,-61.0908594281457,-7.51502161704746,73.8478029278135
13:04:35.400,-33.2308037150714,81.7357206337138,43.8095061751102,-118.063954704789,-90.7442252386639,-127.840198579124,-61.0127671251608,-7.37671668349263,74.0501426755737
13:04:35.500,-33.0215968451542,82.0252713902864,43.500544541213,-118.262030210278,-90.986977128643,-127.79335669754,-60.9354594236714,-7.23203135678003,74.2282291452002
13:04:35.600,-32.8109251605801,82.3144767258517,43.2054201419572,-118.459906230667,-91.2299639389047,-127.758306154934,-60.8635790944623,-7.08781001915015,74.367414830772
13:04:35.700,-32.5994183452247,82.6035849086107,42.9260975064892,-118.65761456462,-91.473207736841,-127.73632800978,-60.7911787139459,-6.93781985462709,74.4730519275987
13:04:35.800,-32.387706080127,82.8928442063676,42.6644469886746,-118.855187009382,-91.7167305896851,-127.727490163341,-60.7155090031194,-6.78564180095207,74.5140654837032
13:04:35.900,-32.1764180505808,83.182502887482,42.4222555330361,-119.052655359362,-91.9605545647496,-127.727107783157,-60.6374196498388,-6.63088711496708,74.4969247459603
13:04:36.000,-31.9661839390433,83.4728092197581,42.2012391823699,-119.250051414642,-92.2047017293469,-127.729316343005,-60.5564091277907,-6.48277750208546,74.4476165231866
13:04:36.100,-31.7574838056383,83.7639302282443,42.001677878819,-119.447398402725,-92.4491777681782,-127.728410571547,-60.4710242339427,-6.32967071357612,74.3577828195541
13:04:36.200,-31.550199160176,84.0557079343402,41.8183419724135,-119.644685292,-92.6939228451043,-127.719133826066,-60.3797625392355,-6.17798936443414,74.2327559707866
13:04:36.300,-31.3440618603524,84.3479031003367,41.644722177963,-119.841892483952,-92.9388607460581,-127.696345298672,-60.2830615245272,-6.02440364302876,74.0802313260825
13:04:36.400,-31.1388037624454,84.6402764886839,41.474409343085,-120.039000380064,-93.1839152574486,-127.656996269001,-60.1858027448401,-5.87544670230982,73.9239700368871
13:04:36.500,-30.9341567255691,84.932588862149,41.301082132005,-120.235989384657,-93.4290101652089,-127.606614823068,-60.0829224668752,-5.72517526653457,73.7560575145536
13:04:36.600,-30.7298526060013,85.2246009828644,41.1184972638505,-120.432839900631,-93.6740692555098,-127.552908178723,-59.979544502885,-5.58007930399171,73.5879988353616
13:04:36.700,-30.525623261438,85.5160736136769,40.9204823934584,-120.629532328054,-93.9190163146019,-127.503706710211,-59.8748903663381,-5.4355339219646,73.4267377921087
13:04:36.800,-30.3212005495752,85.8067675166394,40.700931843011,-120.826047071244,-94.1637751284973,-127.467009437856,-59.7739983294798,-5.29355909786027,73.2777532639253
13:04:36.900,-30.1163163295271,86.0964434545194,40.4538054025081,-121.022364531686,-94.4082694832878,-127.450951416869,-59.6741493619581,-5.15087344209287,73.1363006332815
13:04:37.000,-29.9107024547352,86.3848621897668,40.1731305906838,-121.218465113699,-94.6524231652236,-127.46167800706,-59.5783591563827,-5.00942660750891,73.013570953115
13:04:37.100,-29.7041624848186,86.6718546399113,39.8555750276018,-121.414332708779,-94.8961878968939,-127.496765222119,-59.4840420927063,-4.86598664884841,72.8865387130217
13:04:37.200,-29.4967868338874,86.9575324099601,39.5081117519828,-121.609965179808,-95.1396271452896,-127.550062294816,-59.3939735037623,-4.71973283782039,72.7410604975514
13:04:37.300,-29.2887376505915,87.2420772929439,39.1402488046514,-121.805363876842,-95.3828323131843,-127.615008439052,-59.3106496051944,-4.57499085191408,72.5864607539738
13:04:37.400,-29.080177083581,87.5256710816553,38.7614505537773,-122.000530149939,-95.6258948035106,-127.685103604097,-59.2278391281898,-4.42861831841274,72.3997492450745
13:04:37.500,-28.8712672815058,87.8084955693629,38.381131103047,-122.195465356246,-95.8689060190425,-127.753942197675,-59.149236421416,-4.27763206568234,72.1744243254575
13:04:37.600,-28.6621703915978,88.090732549177,38.0086425236099,-122.390170844402,-96.1119573625536,-127.815214689139,-59.0705156881799,-4.1275147380812,71.9443571420659
13:04:37.700,-28.4530485610888,88.3725638138899,37.653259503795,-122.584647965883,-96.3551402368972,-127.862678809363,-58.9947999392761,-3.97622746712084,71.7095821279914
13:04:37.800,-28.2440639400471,88.6541711569292,37.324161880179,-122.778898073581,-96.5985460449264,-127.891264149823,-58.9196926647391,-3.82567506920676,71.4838684426549
13:04:37.900,-28.0353786757046,88.9357363710081,37.0304163795432,-122.972922518972,-96.842266189415,-127.900484218403,-58.8415090769142,-3.67259363863049,71.2584228313118
13:04:38.000,-27.8271549167111,89.2174412493161,36.7809587533618,-123.166722656366,-97.0863920732163,-127.890929668539,-58.7621565382846,-3.52055726397809,71.0339506852211
13:04:38.100,-27.6195111617653,89.4994396049644,36.5822447170221,-123.360300595938,-97.3309928611202,-127.863554798609,-58.6814886867909,-3.37094479558092,70.830149381676
13:04:38.200,-27.4123913055056,89.7817733231315,36.4312968721096,-123.553661508178,-97.5760487817787,-127.820944372092,-58.5939277379224,-3.22211330717937,70.6472679774802
13:04:38.300,-27.2056955841104,90.0644563049486,36.3228075270794,-123.74681131944,-97.8215178335602,-127.766140594223,-58.5025949950486,-3.07378861204394,70.4751598412389
13:04:38.400,-26.9993242380121,90.3475024515469,36.2515038547054,-123.939755961748,-98.0673580148327,-127.702261915393,-58.4076328976893,-2.93206737624042,70.3361001962638
13:04:38.500,-26.7931775019709,90.6309256641371,36.2121627647337,-124.132501362874,-98.313527324044,-127.632072148242,-58.3138174057063,-2.7915725894651,70.2272045567853
13:04:38.600,-26.5871556164195,90.9147398437711,36.1996223696226,-124.325053452009,-98.5599837597212,-127.556621233591,-58.2184274466447,-2.65204675988853,70.1334251216925
13:04:38.700,-26.3811588175361,91.1989588916593,36.2087898545304,-124.517418158339,-98.8066853200736,-127.476506709593,-58.1215899173515,-2.51419196532779,70.0690178906651
13:04:38.800,-26.1750873457533,91.4835967090126,36.2346469026734,-124.709601411056,-99.0535900035489,-127.392298705143,-58.0257852284443,-2.37514927398614,70.0098958649583
13:04:38.900,-25.9688414372494,91.7686671968032,36.2722523901774,-124.901609140767,-99.3006558085948,-127.304532884963,-57.9363969930561,-2.23996621386743,69.9806265216112
13:04:39.000,-25.7623213310389,92.0541842563213,36.3167431825555,-125.093447275242,-99.5478407335795,-127.213704512833,-57.8441921573368,-2.10423518696349,69.961816417239
13:04:39.100,-25.555427264718,92.3401617886187,36.36333261754,-125.285121743671,-99.79510277703,-127.120450994576,-57.7573545879998,-1.96680893751833,69.9635116000015
13:04:39.200,-25.3480594758834,92.6266136949854,36.4073072055402,-125.476638476662,-100.042399937315,-127.026121959573,-57.6724224142036,-1.82833168072474,69.984383785245
13:04:39.300,-25.1401182021312,92.9135538763938,36.4440213814234,-125.668003401985,-100.289690212722,-126.932239091458,-57.5884755480101,-1.69009860086518,70.0125719184591
13:04:39.400,-24.9315036838941,93.200996234134,36.4688904986431,-125.85922244883,-100.5369316017,-126.84031420167,-57.5111447934469,-1.54629810393445,70.063648353252
13:04:39.500,-24.7221161559322,93.4889546692578,36.4773819166925,-126.050301547805,-100.784082102697,-126.751851400066,-57.4348176743607,-1.40448935880427,70.1305569750128
13:04:39.600,-24.5118558586782,93.7774430829758,36.4650045680524,-126.241246625262,-101.031099714159,-126.668350173894,-57.356441173037,-1.25725563515215,70.2042064939353
13:04:39.700,-24.3006230297285,94.0664753763399,36.4272966824903,-126.432063614645,-101.277942434297,-126.591308942173,-57.2803005135532,-1.11270272001488,70.285638827257
13:04:39.800,-24.0883179066793,94.3560654506401,36.3598121341194,-126.622758442307,-101.524568261875,-126.522229080977,-57.2004082428487,-0.968076609389023,70.3769458806425
13:04:39.900,-23.8748407271272,94.6462272069283,36.2581053293029,-126.813337038856,-101.770935194944,-126.462619883776,-57.1214667809693,-0.826170976429535,70.4816822821215
